﻿<?xml version="1.0" encoding="utf-8"?><bwFonts xmlns:xsi="http://www.w3.org/2001/XMLSchema-instance" xmlns:xsd="http://www.w3.org/2001/XMLSchema" fontfactoryurl="story_content/FontFactory.swf"><font id="00" name="Century GothicBold Charset1_ 6RLklSurDtJ"><glyphs><g i="0" c="384" charCode="89" p="%^Nw2esA2eNDuk6H2eJK2euFdouF$v2C$v2Cdo" /><g i="1" c="385" charCode="111" p="#^WDniOFnisHjj6Jfk1KTlZKunZKlpZKer1KTs5JvuuHqvTFlwXDlw4Blw2zju1xhs1xnp1xfmjzbkjBniWDni^_DwlqCwloBBmmAGnmAmpmA5rnBaspCftZDftxFftzGasCH4rCHmpCHFnAGBmzFwl_Dwl" /><g i="2" c="386" charCode="117" p="#^GxJi%2BJi%2B7p2B_qiBJrzBrs7CRsICftxDftmEftXESsxFssPFHr0G6r0Gep%0GJi%lJJi%lJlolJQrOI6t7IGuPGwvwFlwvDlwjBlwYznvCyou3yEsGxrrGxfo" /><g i="3" c="387" charCode="32" p="#" /><g i="4" c="388" charCode="109" p="#^FxJi%_AJi%_AfkRBijTCRiWDni9FnipGnipH_ipIBj0JMkPJBjZK_i7MnivNniVOni_P1j3RHjxRLk$RPl$Rco%$R$v%EO$v%EOgpEO$m4OcmwNploMplyLplSKUlbKnmSJfnxJ6oxJ$p%xJ$v%aG$v%aGzpaGNnVF_mEFbm6FOlBEplRDpl0DplkCVlFBomjBhn_Aao_A5q%_A$v%Fx$v" /><g i="5" c="389" charCode="115" p="#^PFAk%LDEmvColtBolWAolBADlhASlhAdmhAumuAJmHAXmtBkn%ICXnDEUolFUp3GTq3Gcs3GZtME9vtDlwhBlwnylwEw3u%HyQrhzws3AXsRAmtsBmt6CmtwC2tWCJsWCjsWCyrtBPq%lAfq7xDo7xbm7xCkkyvjyznirBniKCniTDYi0FwjPFAk" /><g i="6" c="390" charCode="116" p="%^4yQdpBQdpBJioDJioDBlpBBlpB$v4y$v4yBlnwBlnwJi4yJi" /><g i="7" c="391" charCode="99" p="#^HKol%VHWm7H6mmGOlBFtlAEtlICtlyBBmoAInoAspoA8rvBdsDCitqEitGGitWHMr%yKztpIlwwElw$Alw0zgu1xbs1xpp1xun$xSlZyekHAjjqCnizEnixGni6IajHJYjHKol" /><g i="8" c="392" charCode="112" p="#^$AJi%$AbkVBhjYCQi$DnibFniOHniCJlkqLjmqLopqLlsyJluGHlw5FlwYDlwYCXvZBxv$ABu%$ASA%HxSA%HxJi^vEslWCslUBxmSACnSAlpSA6rUBcsWCitvEit0Git2Hbs5I4r5Ilp5IEn3Hym2GslvEsl" /><g i="9" c="393" charCode="108" p="%^jxBdEABdEA$vjx$v" /><g i="10" c="394" charCode="101" p="#^_Kkq%hAkqwAKrwBAsxCpt5EptYFptiH6s%6Kqt3JWuBHEv7Glw6Elw$Alw1znu3xps3xrp3xom0zok_AniXDni3Hni1Jok$Kom$KHp^FHInkHBmlGUlnFbl5EblICblEBZl_AtmqAIn" /><g i="11" c="395" charCode="104" p="#^IxBd%0BBd%0B3k_BdjZCOiZDni_EniYGnijILjtJWktJdn%tJ$v%bG$v%bGaqbGSnZF2nLFemdFQlHEqlVDqlUCql9C5mrBMm9BWn0Bxo0BFq%0B$v%Ix$v" /><g i="12" c="396" charCode="113" p="#^uHJi%PKJi%PKSA%uHSA%uHBuwGxvxFXvyElwpDlwQAlwYylu4xls4xop4xjmUylkIAnijDnivEniyFQiBGhjuHbk^_DslrCslqBympAEnpAlppA4rrBbsuCit$DitzFitBGcsDH6rDHlpDHCnBGxmzFsl_Dsl" /><g i="13" c="397" charCode="105" p="#^_yfdSzfduAUd6Bwe6Bqf6BjguAYgTzAh$yAh6yAhuxXgSwigSwnfSwvetxTd5yfd_yfd^jxJi%EAJi%EA$v%jx$v" /><g i="14" c="398" charCode="110" p="#^HxJi%0BJi%0B4k9C7j3DLi_DniYEniXGnijILjtJWktJdn%tJ$v%aG$v%aGbqaGOnYF0nLFemdFQlHEqlVDqlUCql9C6mrBNm9BZn0BBo0BGq%0B$v%Hx$v" /><g i="15" c="399" charCode="98" p="#^$ABd%$AbkVBhjYCQi$DnibFniOHniCJlkqLjmqLopqLlsyJluGHlw5FlwYDlwYCXvZBxv$ABu%$A$v%Hx$v%HxBd^vEslWCslUBxmSACnSAlpSA6rUBcsWCitvEit0Git2Hbs5I4r5Ilp5IEn3Hym2GslvEsl" /><g i="16" c="400" charCode="102" p="#^5wJi%hxJiix6gmxDfvxxehyUd4zfdwAfdyBfdSCKd%SCgg8C3gGB3g5B3gPAjgDAugDA3h%CAJi%JCJi%JCxl%CAxl%CA$v%hx$v%hxxl%5wxl" /><g i="17" c="401" charCode="114" p="#^VwJi%MzJi%MzokeApj$AUiMBniGCnikDni1EJi%$CBlpCil1CilgBilKAfmcAcncA_p%dADq%dA$v%Vw$v" /><g i="18" c="403" charCode="103" p="#^uHJi%PKJi%PK5uPKtxsJ2zEHcB_DcB1CcBHAJAmzeAryhzxxly5x_w%MA_wfByx0CQxOC6yRD6ybF6y$FHxPGhx8HDwuHZvuHmuCGevEFDvHE$vtD$vOA$vYy4u6x8s6xbp6x1m3z6kQAnihDniqEnirFOisGdjuHbk^1EultCulrBymqABnqAcpqASqtBWrwC_s5E_sEF_sEGYrFHVqFHdpFHznEGxmEFul1Eul" /><g i="19" c="404" charCode="46" p="#^vzwsiAwsSA4tqBDtqBquqBdvSANviAlwvzlwJylw9yNvBxdvBxquBxDt9y4tJywsvzws" /><g i="20" c="405" charCode="69" p="%^3y2eSH2eSHohsBohsBEkSHEkSHWnsBWnsBEsSHEsSH$v3y$v" /><g i="21" c="406" charCode="121" p="%^cwJiCzJi2D1rRGJihKJiZBSAwySAfB$u" /><g i="22" c="407" charCode="97" p="#^uHJi%PKJi%PK$v%uH$v%uHBuwGxvxFXvyElwpDlwQAlwYylu4xls4xop4xjmUylkIAnijDnivEniyFQiBGhjuHbk^_DslrCslqBympAEnpAlppA4rrBbsuCit$DitzFitBGcsDH6rDHlpDHCnBGxmzFsl_Dsl" /><g i="23" c="408" charCode="100" p="#^uHBd%PKBd%PK$v%uH$v%uHBuwGxvxFXvyElwpDlwQAlwYylu4xls4xop4xjmUylkIAnijDnivEniyFQiBGhjuHbk^_DslrCslqBympAEnpAlppA4rrBbsuCit$DitzFitBGcsDH6rDHlpDHCnBGxmzFsl_Dsl" /><g i="24" c="409" charCode="119" p="%^dwJitzJi9Chq1FJi1HJiRJbqwMJiNPJiYK$vQI$v$Fro5D$v$A$v" /><g i="25" c="410" charCode="58" p="#^vzniiAniSAXiqBvjqBikqB4lSAEliAcmvzcmJycm9yFlBx5lBxikBxvj9yXiJynivzni^vzwsiAwsSA4tqBDtqBquqBdvSANviAlwvzlwJylw9yNvBxdvBxquBxDt9y4tJywsvzws" /><g i="26" c="411" charCode="83" p="#^uHug%YEJiCDSgeCSgzBSg7BdhIAAhIA1iIAui0BUiqBqjwDbltFQmUFgnWGjomHgpOHdqOHmrOHAtgG0vKEswhCswmAswXywvwxAuvwzs%nzQqGActmCcteDctQDHsrEasrEvrrEUq_DhqxDGp_Bqo3z1mcyKklxqjlx8ilxggMyXebABdhCBdDDBdREde3GReuHug" /><g i="27" c="412" charCode="66" p="#^2y$v%2y2e%TA2ekD2etEme5GOe2HYf$H6h$HHi$HJjzHzk7Hol8G7mNHUmxI2oiJbpiJMqiJhswIxtKHMuvGovgF$v4D$v^tBjh%tB5l%dC5ltD5l4EAkHE2kHE8jHEii6EPhxDjhmCjh^tB8o%tBKs%kCKssEKsbFcsXFFrXFEqXFup3FPocE8oaC8o" /><g i="28" c="413" charCode="84" p="%^hw2ecG2ecGqhXCqhXC$vtz$vtzqhhwqh" /><g i="29" c="414" charCode="120" p="%^vwJimAJi_ClmCFJiqJJiVEZo$J$v7G$vZCErQz$v0w$v3B0p" /><g i="30" c="415" charCode="87" p="%^Hw2e1A2eDCvpRF2eGI2eXLvpxO2eTR2eRN$vyK$vfHok_D$vLA$v" /><g i="31" c="416" charCode="107" p="%^IxBd1BBd1BcoXFJi5KJipE3pPK$vGG$v1BTp1B$vIx$v" /><g i="32" c="417" charCode="63" p="#^rAGi%exGicxjgRyNetAfd8DfdSEfd3GUdhHwe$HJfKIVgKIeiKIYivIFjgIlkMH4ltHvlmGwmiFun1FUnMEhoAEXooEBplEMq%1BMq%0Bdq0BAoCBfndCVlzDKkSEBj7FajpFKipFaipFohLERg6Eig$CigUBigaBZgsADhrAGi^LC9sED9sgEMsUEntUEfuUE6vgEKvEDlwMClwUBlwgBKvFA6vFAfuFAntgBMsTB9sLC9s" /><g i="33" c="418" charCode="48" p="#^XCBdVEBdkGzeLHwfwIvhiJujiJ1niJCqvIBsJHAuoGwv3Fsw2Dsw0BswEzwvgyAuuxFsIwKqIwcnIwfiey1gWzBdXCBd^1DRg9CRguBphQAYhtAjj7AFk7Ahn7AHqWA_rKBht1DhtgEht_E2sTFzqTF3nTFxj4FbihERg1DRg" /><g i="34" c="419" charCode="49" p="%^7A2eeF2eeF$vRB$vRBfh8yfh" /><g i="35" c="420" charCode="54" p="#^fDBd%9G2f%0D9liF9lUGOmvIqovISqvIctSGQudFswUCswtAswRyMuex4texUqex3quxdpKxnoEyEm^QCooTBoodB4pAAMpAAOqAARrfBysXBftRCftNDfttEzs9FSr9FOq9FMpuE4pQDooQCoo" /><g i="36" c="421" charCode="65" p="%^wD2e$G2eVN$vlK$vXIisCBis9A$vBw$v^hFPiTCZoGHZo" /><g i="37" c="422" charCode="45" p="%^8yRnlERnlEXq8yXq" /><g i="38" c="423" charCode="72" p="%^1y2evB2evBPkwHPkwH2eZK2eZK$vwH$vwH7ovB7ovB$v1y$v" /><g i="39" c="424" charCode="80" p="#^1y2e%FB2eBE2eUFBecH7fYHlgIIzhIIfjII8lJHomKGDn2F6o3EoosBoo%sB$v%1y$v^sB3l%xC3lPD3ljETkPEHk5FgkoFRjoFfjoFciBEKh$DnhqCnh%sBnh" /><g i="40" c="425" charCode="82" p="#^hy2e%VB2eUE2e9GAeqH6fbIlgYIAhYIfjYI1l5IdmfHpnyF0o%NJ$v%2G$v%0Coo%IBoo%IB$v%hy$v^IB3l%NC3lpE3l0FEkEFckEFdjEFDikFbi1FLhwEzh$DnhECnh%IBnh" /><g i="41" c="426" charCode="50" p="#^lARj%0xRj9xXgRygfxABdbDBdQEBd4GhekHZe4IhgQIAhQIWiQIwkWHmm0HcoBEJq%ACRs%ZIRs%ZI$v%xw$v%xwmu%5CIo6EGmMErlrFbkrFbjrF9iKEuh2EOgZCOgSBOg7BDhoArilARj" /><g i="42" c="427" charCode="81" p="#^sNnt%AQqx%xMqx%XKnvZIswyGswwCswQzGt9xTq9x0n9xrkpyhiFz7gQBSe0EBdwGBdlKBd4NmgQP6jQP4nQPKqsNnt^jLDqpM$opM2npMvkGKJiYIXgvGXg_DXghCGiAApkAA4nAA2qJCNrpE8txG8tLH8tQIGs%DFxo%IJxo" /><g i="43" c="428" charCode="53" p="#^bA2e%AI2e%AIch%KCch%$BtkjCnkBClkUCik9DikBFikcHZlQIDnQIeqQISs1HFufFswHCswpAswLy9v6xRtBwAr%bAArBAqsgBSsYBhtMChtVDhtHEtsuFEruFmquF6pLEjo0EwnZCwnpCwnSBOnjB4oOAEo%0y0o" /><g i="44" c="429" charCode="52" p="%^jEBdIHBdIH9piJ9piJjsIHjsIH$vmE$vmEjswwjsww9p^mE9pmE8jfA9p" /><g i="45" c="430" charCode="51" p="#^LAti%txtiJxugUyhfxABd0DBddFBdJG$edIpgdIkidIwjzHwkVGvlFF6miHBmdIPn8J1p8JGq8J5tmHNuAFswPCswcAswyyTuVwhtLwzq%7AzqlAYr5BEsRBjt$CjtbEjtZEysMFNrMFFqMFrpIECoEDMnEBKn%EBOkTCIkuDqk5E7kqEDjME7jMEziMERhfEmhKDTgVCTgaCTgzBkhZAMhLAti" /><g i="46" c="431" charCode="118" p="%^fwJiGzJi$CzqlGJiJJJi4E$vWB$v" /><g i="47" c="432" charCode="68" p="#^3y2e%6C2e1G2eWH0fQJ_f3LaiiMmkiMhniMlpCL5rWKQsIJ_tuI7v3HzvFF$vaC$v%3y$v^sBlh%sBGs%2DGsoFGsrG8svHBraIkqRI3pRIcnRIlkfHMiOFlhCClh" /><g i="48" c="433" charCode="77" p="%^Rz2e7D2ehHzqvL2eQO2eQR$vwO$vBMFkOI$vMF$v$BFk$z$vHw$v" /></glyphs></font><font id="10" name="Century Gothic Charset1_ 61uJJCLLaQW"><glyphs><g i="0" c="384" charCode="79" p="#^KGBdPKBdzNjgjQ1jjQ0njQYqzNItQKswTGswUCsw8AJtox_qox6noxwkEyjiUz5g2CRedEBdKGBd^PGlfQElf1DogfBqhfAbjfzXkfz5nfziqtBvsHDIuPGIuVIIuHKHttMGssNWqsO9psO0nsOTksN9jtMqhFKogRIlfPGlf" /><g i="1" c="385" charCode="75" p="%^by2e0A2e0AOkcH2eBJ2e_A6mhK$vSH$v0AFn0A$vby$v" /><g i="2" c="386" charCode="89" p="%^Mw2eRy2erDtlYH2e0K2ekEqnkE$vzC$vzCqn" /><g i="3" c="387" charCode="101" p="#^6JBr%yKlsRJLtVICu_HsvPGVvFFlwbElwXAlw5zdugx4sgxopgxTmPyUkNAni5EniuHniwJYkYKNm_Kvp%$yvp2zPruAitWBMu1EMu2FMu$FquZG3uEHutkIUs6JBr^6J0oMIFm6IRlsH0lnGwkiF0k6E0k8C0kKAglIzbmaz0o" /><g i="4" c="388" charCode="115" p="#^AE9k%uDil6CZjOAZjYzZjmzwkMy3lMyOlMysmfz1nLzEnjBroeDqpWDlqBEhrBErsBE4urDdviClwzAlwqzlwnyRvkxlvEwsu%Jxet1zJuvAJuxBJufC3uZCptZCvsZCNruCcr0CEqkANpxySoUxYnex2nexUlexnkgynjizniTAniJCniAE9k" /><g i="5" c="389" charCode="78" p="%^cy$vcy2eBy2eyKOryK2ejM2ejM$vVL$v3Aqi3A$v" /><g i="6" c="390" charCode="111" p="#^bEnigHnihJBk6LDm6Lop6LbsaJgueHlwbElw8BlwczgugxbsgxopgxEm5zCk6BnibEni^bE2k3C2kxADl$ycn$yrp$yTqHz7soAmtAB2uMCJubEJuCFJuOG2u_HmtGI7snJTqnJrpnJcnQHDliG2kbE2k" /><g i="7" c="391" charCode="70" p="%^by2ebH2ebHPf_zPf_zrlbHrlbHcn_zcn_z$vby$v" /><g i="8" c="392" charCode="114" p="#^gxJi%0zJi%0zFkOzwjFAYiwBnisCniaDniZDQi%4DgkyC1kaC1kkB1kxAKkLzrlkzVm0z2o0zvr%0z$v%gx$v" /><g i="9" c="393" charCode="32" p="#" /><g i="10" c="394" charCode="73" p="%^Wx2eJz2eJz$vWx$v" /><g i="11" c="395" charCode="110" p="#^VxJi%CzJi%Cz5lEAKjTB3j7DniBEni4GnieH8joIUjXIaluJsmuJ9p%uJ$v%NH$v%NHGpNHnnBHCmiHhlsGDkCFYjfEYjICYjtB_kfA$lSzwnCzvoCz7r%Cz$v%Vx$v" /><g i="12" c="396" charCode="116" p="%^ozNd5BNd5BJiODJiODck5Bck5B$voz$vozck3xck3xJiozJi" /><g i="13" c="397" charCode="97" p="#^8LJi%8L$v%sJ$v%sJJtnI1v1HHvIFlw7ElwiBlwiziujxfsjxkpjxsmkzqklBniaEniPFni7H4jsIMjsJ9l%sJJi^jE0kUC0kGBJktAqlLzHm2zYn2znp2zNqMz3suAltHB3uVCMuiEMuIFMuYG3ucIltTI8szJXqzJqpzJ6n2IzlxG0kjE0k" /><g i="14" c="398" charCode="108" p="%^ExBdlzBdlz$vEx$v" /><g i="15" c="399" charCode="67" p="#^VOmh%uNsijMXgGK9g1Jmf4HmfWEmf5DoggBqhfAajfzVkfz4nfzmqvBzsLDLubHLuYKLuuNOr%VOTszNAuyLwvyJsw4HswmCswEzjtmxGqmxWmmx_i7AigUCBd2HBdzJBdALBeCNAfVOmh" /><g i="16" c="400" charCode="105" p="#^uyfd3zfdtzGdUz4eUzFeUzeftzFf3z3guy3gWx3gvxFf5xef5xFe5x4evxGdWxfduyfd^ExJi%lzJi%lz$v%Ex$v" /><g i="17" c="401" charCode="99" p="#^OKtl%rJjmHH_jEE_jdC_jCAyl$y6n$ylp$yOqKz4suAltMB3u3DMuFEMuAHMurJrs%OKktRJMueIzvDGlwAElwqBlwlzlugxlsgxtpgxyneyUlczekVAjjCCniIEni1GnifHNiuIajlJQjcKtkOKtl" /><g i="18" c="403" charCode="117" p="#^HxJi%ozJi%ozWoozbrEz2s$zgt1B_t3CHuvDHuXEHuWF$tWGjtjHbszHqrzHWo%zHJi%jJJi%jJepjJ_rGInt1IMuKGzvsFlwwDlwABlwgAzvZyMukymtHxYrHx6p" /><g i="19" c="404" charCode="100" p="#^9LBd%9L$v%tJ$v%tJJtoI1v2HHvJFlw8ElwjBlwjziukxfskxkpkxsmlzqkmBnibEniQFni8H4jtIMjtJ9l%tJBd^kE0kVC0kHBJkuAqlMzHm3zYn3znp3zNqNz3svAltIB3uWCMujEMuJFMuZG3udIltUI8sAJXqAJqpAJ6n3IzlyG0kkE0k" /><g i="20" c="405" charCode="84" p="%^pwPfpw2eeG2eeGPfeCPfeC$vpA$vpAPf" /><g i="21" c="406" charCode="103" p="#^mJJi%3LJi%3Lit3L5wAKoxVJdzeIcAAGcBfEcByCcBaBJAPzeAYyqz6yCyox1x%fz1x$zmycB_ypCDzaEDzWFDz7HZykIkyRIlxmJmwmJ9u%mJttoIHu$GlvCF$v2E$vcC$vBA5v_ybu5yFsdx6rdxgpdxqn7yQl2zekGAjjiCni5EniAFniSG$i9ICjmJ1l^jE0kSC0kCBJknAqlFzGmYyVnYylpYyxrpAZsTBoudEouzGou$H_srJzrrJfprJLnNIAm7IolVGIkIF0kjE0k" /><g i="22" c="407" charCode="80" p="#^ay2e%LB2eQE2eVFjerHHepITfoJ2hoJQioJDkrIOluHYmPFmnBEFnfBFn%ZzFn%Zz$v%ay$v^ZzPf%ZzUl%$CWlREWlIFBlzGgl2HwkxHMjxHRixHXh2HbhzGrgLF7gYEPf8DPf" /><g i="23" c="408" charCode="112" p="#^WxJi%DzJi%Dz9lEAMjYB4jgDniUEniJHniKJqkLLsmLLkpLLfsLJiuMHlwXElwmDlw1CHvIA1vDzJt%DzSA%WxSA^ME0kyC0k1Bzlwz6nwzqpwzXqbA8sSAlt7C3uoDMuNEMu9GMumH3uAIltiJ3s0KNq0Knp0KYniJHmBIqloHJkbG0kME0k" /><g i="24" c="409" charCode="121" p="%^twJigyJiQCXshHJi5JJiaBSAmzSAXBYu" /><g i="25" c="410" charCode="77" p="%^nx$vWz2eeA2exHNsMO2e2P2eDR$vTP$v5O9jMH$vhH$vTA3j6z$v" /><g i="26" c="411" charCode="87" p="%^ax2e$y2eHC_qRH2ecI2ehN_q0R2eRS2eHN$vmN$v1IqiAC$vgC$v" /><g i="27" c="412" charCode="109" p="#^UxJi%BzJi%Bz0luALjqB9jJCni9Eni7Fni_FLiSG7jpHMjYHokmIzldJ$jvKbjNLnifNniDOniGP4jKQMjfR0lMRfmMRLo%MR$v%0Q$v%0QLo0QCmIPPlpP0lGOxkXN1kVM1kGL1kEKMkCJvl7JJmFIXnFIOq%FI$v%YG$v%YGcpYGOmFGXlmG3lCFykSE1kQD1kFC1kCBLkAAsl4AGmBzTnBznq%Bz$v%Ux$v" /><g i="28" c="413" charCode="104" p="#^VxBd%CzBd%Cz5lEAKjUB3j8DniBEni4GnieH8joIUjXIaluJrmuJ9p%uJ$v%NH$v%NHGpNHnnBHCmhHhlrGDkCFYjfEYjICYjtB_kfA$lSzwnCzvoCz7r%Cz$v%Vx$v" /><g i="29" c="414" charCode="102" p="#^nDBd%nDgfrCSeMBSegBSeXA3fCAgfwAxfrANfrAWg%rAJi%cDJi%cDck%rAck%qA$v%Jy$v%Jyck%Zwck%ZwJi%JyJi%JyEgJydf_yCefz$dTzDdvAfdoBfddCfdnDBd" /><g i="30" c="415" charCode="8220" p="#^wzBd%tA7e$z3fRzBfHz6gCzXg%HAXg%HAik%uyik%uyciuyDgHyKfVyQewzBd^XEBd%UF7eqF3fgFBf6F6g1FXg%6GXg%6Gik%VDik%VDciVDDg6EKfjEQeXEBd" /><g i="31" c="416" charCode="8221" p="#^NEik%RDMjjEQitEjiDENhIEYg%DDYg%DDBd%QFBd%QFHfQFghCFaipF3jNEik^mzik%qyMjUyQi2zjiczNhhzYg%cyYg%cyBd%pABd%pAHfpAghbAai_z3jmzik" /><g i="32" c="417" charCode="46" p="#^NzjtpAjtRALthBbuhBQuhBsvRAVvpAlwNzlw9zlwJyVvhysvhyQuhybuJyLt9zjtNzjt" /><g i="33" c="418" charCode="107" p="%^UxBdBzBdBz3oMFJigIJiZA2pHI$vgG$vBz0qBz$vUx$v" /><g i="34" c="419" charCode="8216" p="#^wABd%tB7e$A3fRABfHA6gCAXg%HBXg%HBik%uzik%uzciuzDgHzKfVzQewABd" /><g i="35" c="420" charCode="72" p="%^9y2eYz2eYzzl5Jzl5J2eUK2eUK$v5J$v5JknYzknYz$v9y$v" /><g i="36" c="421" charCode="8217" p="#^eAik%izMjMzQiWzji4ANh9AYg%4zYg%4zBd%hBBd%hBHfhBgh3BaiSA3jeAik" /><g i="37" c="422" charCode="71" p="#^vP3h%6OniCMVgPK8g1JnfkHnfdFnfiDqgoBshlAejiz$kiz_miz0pnARqtBFsnDItiFLuBHLumKLugMbtbODryO7p%QI7p%QIon%zQonxQzr4O0uELswyHswzCswFz3tqxsqqx0nqxtkIyhi_z4gdCResEBdgHBdzJBdzLqeANefvP3h" /><g i="38" c="423" charCode="118" p="%^EwJiryJiUCosjHJi8JJi3D$vLC$v" /><g i="39" c="424" charCode="113" p="#^7LJi%7LSA%rJSA%rJJtmI1v0HHvHFlw6ElwhBlwhziuixfsixkpixsmjzqkkBni9EniOFni6H4jrIMjrJ9l%rJJi^iE0kTC0kFBJksAqlKzHm1zYn1znp1zNqLz3stAltGB3uUCMuhEMuHFMuXG3ubIltSI8syJXqyJqpyJ6n1IzlwG0kiE0k" /><g i="40" c="425" charCode="65" p="%^wF2eUN$vXL$v7J5qoB5qBy$vBw$v4F2e^hFRhcCmolImo" /><g i="41" c="426" charCode="98" p="#^0y$v%0yBd%JzBd%Jz$kOAHj7C1jsDni1FniSHniRJqkRLtmRLopRLgsQJjuPHlw_ElwmDlw2CFvKAYuJzzt%Jz$v^SEIuhGIuuH$tHIitoJ1s6KLq6Klp6KWnoJEmGImlsHEkfGWjTEWjuDWjdCEkYAmlhAzmCzMnCzhpCzBr7B9tECIuSEIu" /><g i="42" c="427" charCode="86" p="%^Pw2eMy2eJEXrMK2eJM2eVE$vwE$v" /><g i="43" c="428" charCode="119" p="%^6wJiTxJiXBmsbGJivGJiLKmsVOJiGQJiWK$vBK$vlGum6C$vNB$v" /><g i="44" c="429" charCode="82" p="#^hy2e%SB2eRE2eVFiewHFewISfwJ3hwJQiwJikQIpl8IwmSG5nAFFnjDGn%MJ$v%xH$v%4BGn%4AGn%4A$v%hy$v^4APf%4AVl%aDXlZEXlQFBlHGflaHvkFHLjFHQiFHWh9HbhGGsgTF8g5FPffDPf" /><g i="45" c="430" charCode="63" p="#^SzWi%4yWi6ysgyz1f$ABdqDBdPFBdaHPeyI0gyIOhyIFiaIojOH6k2HHkiGglpE0m1CZmxBqn0BVn0BAo0BhpIBRpoCpquDpqHEpqkFOp_Fap7GPn%VHPnQHRpEG_qtF6suD6swB6slA5raz3qazzoazQnuzanPzwmpA4m$AElDCZkgFVj$FmjKGQiKGQhKGMgRF1gYEifsDifDBifCAvgVzlhSzWi^pDjt1EjttELtVEbuVEQuVEsvtEVv1ElwpDlwNClwlCVvVBsvVBQuVBbulCLtNCjtpDjt" /><g i="46" c="431" charCode="83" p="#^kwFs%SxKrtzIuABIuuCIuhDhu4EStuE9tVEssVEFrVELqiEUpsDHodB$mZyjlqyyktxhjtxPhtxEg1yGfByIeCz9eDABdQBBd5DBdbEeeiFSexGyg%3FFh3EjglDUfDCsfNBsfIAsf0A6gkzMgkzKhkzjizzTiPzqjtA3kPApkNCSl6FAnZFWoRGgqRGDrRGAtmF0vTDswLBsw6AswNyAvsxIukwFs" /><g i="47" c="432" charCode="44" p="%^BzIsfButMy5yzxAx" /><g i="48" c="433" charCode="8230" p="#^uIjt6JjtyJLt_Jbu_JQu_JsvyJVv6JlwuIlwSHlwqHVv_Gsv_GQu_GbuqHLtSHjtuIjt^9AjtNAjtdBLtFBbuFBQuFBsvdBVvNAlw9Alwxzlw5zVvFysvFyQuFybu5zLtxzjt9Ajt^PQjtqRjtSRLtjSbujSQujSsvSRVvqRlwPQlwbQlwLPVvjPsvjPQujPbuLPLtbQjtPQjt" /><g i="49" c="434" charCode="106" p="#^yyfd8zfdyzGdYz4eYzFeYzefyzFf8z3gyy3gYx3gyxFf8xef8xFe8x4eyxGdYxfdyyfd^IxJi%rzJi%rz$xrzGzQyrAeycBaxcBjwcBdvNA%dvfzVvCzswCz9xCzvx1zIxGyIxwx" /><g i="50" c="435" charCode="122" p="%^PwJiAGJi2zuukGuukG$v6w$vEDdkPwdk" /><g i="51" c="436" charCode="33" p="#^yABd%yAvr%Nyvr%NyBd^HzjtjAjtLALtbBbubBQubBsvLAVvjAlwHzlw3zlwDyVvbysvbyQubybuDyLt3zjtHzjt" /></glyphs></font><font id="20" name="Open Sans Charset1_ 5ncwH0C6Rlv"><glyphs><g i="0" c="384" charCode="79" p="#^XN3nXNlrMLOtCJfwLFfwPBfwGzRtxxqrxx1nxxGiGzhgQBTdNFTdDJTdNLkgXNMiXN3n^Jz3nJzHqgBzsPCruLFruJIrueKAsLLIqLL3nLLsjeKBhKIKfNFKfPCKfgBChJzujJz3n" /><g i="1" c="385" charCode="98" p="#^nEpi$GpisIckWJ$lWJipWJBssIqu_GfwnEfw3Dfw_BMvVAhvaAhu%1Ahu%Bz$v%8y$v%8y$c%aA$c%aADhaAaj4Apk%aApkBBpinEpi^4E6k$B6k4BilaAumaAipaA7s6Blt2Cyu7Eyu$FyuVGbtQHQrQHhpQHGmVGol$F6k4E6k" /><g i="2" c="386" charCode="106" p="#^xw$Bmv$BEuIB%Eu2AuviAjwiAgxiAIxNz9ygz9ycy%9yDi%aADi%aA2yaA$Bxw$B^_x$e_xiejy_dFyFdazFdFzFd0A_dnAjenA$enAHf0A1gFzmgazmgFymgjy1g_xHf_x$e" /><g i="3" c="387" charCode="101" p="#^ODfwQAfw6zsupxEspxqppxbm$yhkBAnihDniOFnifH1kJIHlJIoo%JIGp%vzGpzz1sHAgtQBuuTDuu1Guu9IAt%9Iov4HRv6G2w9FfwODfw^fD4kEB4kGA7lJzamyz1o%yG1oyG6mHF5lRE4kfD4k" /><g i="4" c="388" charCode="99" p="#^vDfwBAfw$ytupxGspxoppx1m0zckEAniDDniBEnizFBixGOi4H4j%sGOkNFxk_EmkbEakADakvzakvznpvzRrvAatvBuusDuu7FuuTGMt%TGzvxFfwvDfw" /><g i="5" c="389" charCode="116" p="#^tCAu0DAuwDvu0EquiEku%iEUvZD2wkD8wHCfwaCfwiyfwiy9s%iyck%nwck%nwej%iyoi%9zxf%kAxf%kADi%cEDi%cEck%kAck%kA4skAhtUAXttBAutCAu" /><g i="6" c="390" charCode="105" p="#^aA$v%9y$v%9yDi%aADi^_x$e_xiejy_dFyFdazFdFzFd0A_dnAjenA$enAHf0A1gFzmgazmgFymgjy1g_xHf_x$e" /><g i="7" c="391" charCode="118" p="%^4B$v$vDiayDi3Bzq#1CltcCauiCau#rCwt8Dur#SDspmGDixIDisD$v" /><g i="8" c="392" charCode="115" p="#^NGmsNGduoFev$DfwuBfwPyfwkxpv%kxwtiy0uoziuvAAuxBAu6DAuZD4uQEztQExsQELr8EbrtDDqvBTpEzapRyFo3y8oGxunixQmixVlixgkDykjYznigCnirEnivGfj%NFVkMD4k7C4kHA4kYzxkdz_kdzMldzjmuzHmMz3nnApn_ALnJCoo6FgpXF8qNG0rNGms" /><g i="9" c="393" charCode="83" p="#^wIfrwICtPGXu6FfwaCfw$yfwixrv%ixrtoyVtHzau_ArufCrukErunFFtqGSsqGsrqGwq2GXpGFlpOERoXDko9CInFzPmByBlxxmkxxoixxkg4z6fDAUdaDUdRFUd4ITe%qHGgdFLf7DLfuBLfyAtgDzahDzqiDzljZzXjjAxk7B1lXBxlCD7mpG7nsHhowIqpwIfr" /><g i="10" c="394" charCode="104" p="#^iH$v%iHmniHJlyGWkPF6keE6k6C6k8BglaApmaA0p%aA$v%9y$v%9y$c%aA$c%aALiaAOj4Auk%cAukOAwjUBZi$CpiqEpiTGpi5IAjkJKkkJhn%kJ$v" /><g i="11" c="395" charCode="111" p="#^HJipHJAs1IquoGfwuDfwIBfwjApvWyzu9y_spxprpxippx1m1zckGAniADnioGni1IfkHJ6mHJip^vzipvzSrwActyByuyDyuxFyuzGdtBHTrBHipBHLmzGqlxF5kwD5kxB5kwAplvzImvzip" /><g i="12" c="396" charCode="114" p="#^fEni8FniRFwi%zFpkKEdk6EdkuCdkkBylaASmaAQo%aA$v%8y$v%8yDi%PzDi%2A5l%9A5lUAOjXB5j$CnifEni" /><g i="13" c="397" charCode="32" p="#" /><g i="14" c="398" charCode="84" p="%^YD$vTB$vTB$fdw$fdw9eBJ9eBJ$fYD$f" /><g i="15" c="399" charCode="108" p="%^aA$v9y$v9y$caA$c" /><g i="16" c="400" charCode="44" p="#^gA5t%sAnt8ABuxzcwXyQxiydz%Mwdz5xYxux4wUxdu2y5t" /><g i="17" c="401" charCode="69" p="%^pI$vsy$vsy9epI9epI$fxA$fxALlWHLlWHAnxAAnxA8upI8u" /><g i="18" c="403" charCode="120" p="%^nB9pJwDi1zDiyCLn3GDilIDiID9pBI$viG$vyCAqMy$vtw$v" /><g i="19" c="404" charCode="110" p="#^iH$v%iHlniHIlyGVkPF5keE5k7C5k8BelaAmmaA_o%aA$v%9y$v%9yDi%OzDi%7Ask%dAskRAtjZBWi5DnitEniUGni6IyjkJIkkJgn%kJ$v" /><g i="20" c="405" charCode="97" p="#^nG$v%ZF5u%TF5uTEmvTDPvUCfwoBfwpzfwgyev8xcu8xjs8xfoDD3o%VF_n%VF9nVFAldFQkyE4k3D4koB4kgz6l%FyyjEz0jPAJi$BpiaDpiAFpiJGtjTHxkTHTm%TH$v^OBAuHDAuMEytSFvsSFDq%SFqp%QDvppBBpkAgqgzWqgzksgzrtXz0uCAAuOBAu" /><g i="21" c="406" charCode="100" p="#^fHcu%8HcuKFfwXCfwjAfwSysupxFspxlppx1mSyckkAniXCniFFni6Hmk%gHmk%bHoj%8Hsi%8H$c%aJ$c%aJ$v%wH$v^cDyugFyucGqt8His8HNp%8Hlp8HvmbGilfF4kaD4koB4krAtlvzRmvznpvzXrrAftnByucDyu" /><g i="22" c="407" charCode="67" p="#^5GLf9DLfsBJhLzGjLz4nLzAqoBvs1Dpu3GpuXHpukKKt%kKyvtIfwLFfwPBfwGzStxxtrxx2nxxikzydiBz8gxB0fuDUd6GUdWIUd0LWe%8KIg7ILf5GLf" /><g i="23" c="408" charCode="109" p="#^cP$v%cPincPHlwOUkQN5koM5kvK5kBJblHIgmHIxo%HI$v%GG$v%GGinGGHl_FUkiF5kRD5kXB5k2BelaAnmaA_o%aA$v%8y$v%8yDi%OzDi%7Ask%dAskOAtjRBWiUCniaEnijHnihIFk%nIFkZIBj6K_ifLniIMniZOni5QyjdRIkdRgn%dR$v" /><g i="24" c="409" charCode="68" p="#^HMVmHMkrhKGtUH$voD$v%sy$v%sy9e%WD9e4I9enKtgHMMiHMVm^vK_mvKujLIJh$GYfyDYf%xAYf%xAcu%2DcuMGcuDIosvKzqvK_m" /><g i="25" c="410" charCode="57345" p="#^aEbk%MAbk%MA$v%Ly$v%Lybk%mwbk%mwhj%Lyyi%LyOhLyTc3DTc6ETcyFid%0FWeRDye0DyeTByejBjfMA4gMALh%MADi%aEDi^EI$v%DG$v%DGDi%EIDi^sG$esGieNG_d7HFdEHFd7IFduI_dRIjeRI$eRIHfuI1g7ImgEHmg7HmgNG1gsGHfsG$e" /><g i="26" c="411" charCode="112" p="#^nEfw3Dfw_BMvVAhvaAhu%1AhuaAsvaAvw%aA$B%8y$B%8yDi%OzDi%4Ask%aAskYAmj_BTi1DninEni1HnitIckWJ0mWJipWJBssIqu_GfwnEfw^4E5k1C5k6BelcAmmaARo%aAipaA6s6Bkt2Cyu7EyuSFyuRG8tQHKrQHgpQHMmRGrlSF5k4E5k" /><g i="27" c="412" charCode="57344" p="#^aEbk%MAbk%MA$v%Ly$v%Lybk%mwbk%mwhj%Lyyi%LyOhLyTc3DTc6ETcyFid%0FWeRDye0DyeTByejBjfMA4gMALh%MADi%aEDi" /><g i="28" c="413" charCode="80" p="#^MJmjMJ3mVHxn3G_oDC_o%xA_o%xA$v%sy$v%sy9e%4D9eMJ9eMJmj^xAcn%oCcn9FcnoGjmDHqlDHsjDHHhsGQgiFYfRCYf%xAYf" /><g i="29" c="414" charCode="121" p="#^1wDi%cyDi%7Bfq5CSskC0u%qC0uACot4DUrBDoqoGDi%zIDi%QCSxZB6AQA2BHz$B1y$B5x$BbwOB%bwaASwjAIxjANzjAGAZx%qB3w" /><g i="30" c="415" charCode="73" p="%^sy$vsy9exA9exA$v" /><g i="31" c="418" charCode="71" p="#^iGFm%nMFm%nMkvYKNvuJ0w1Ifw5Gfw2CfwNzRtxxqrxx4nxxikEyciMz5gSB$eYDUdNGUdEJUd6MXe%iLNgTILfEGLfoDLfyBIhJzEjJz4nJzIquBAsfDruGGruxIruiK0u%iKwo%iGwo" /><g i="32" c="419" charCode="117" p="#^2ADi%2Air2AXsOALtyByu7DyueFyucGptaHfsaHFp%aHDi%bJDi%bJ$v%wH$v%eHdu%7HduvGcvoFKvhEfwTCfwrAfwdz5v$xXt$xnr%$xDi" /><g i="33" c="420" charCode="113" p="#^cDyudFyu8Gtt4Hns8HOp%8Hlp8HymbGjleF4kaD4koB4krAtlvzRmvznpvzVrrAetnByucDyu^UCfwjAfwSyrupxCspxlppx3mSydkkAniXCniHFni9Hsk%gHsk%zHDi%aJDi%aJ$B%8H$B%8Hhw8H3vgHcu%6HcuJFfwUCfw" /><g i="34" c="421" charCode="103" p="#^6JDi%6JVj%DGckZGDkeHjlvH$lvHTmvHQo9G$pPEartCarTBarlB4r2AMr2AOs2AltvACtYATt3CTt%qETtBGTtMHOuXIIvXIsxXIGz9HQAnF$BYB$Bkz$BUx0Btw2Atwgytw2xfx9w2ygvszYuXyJuByeufyKtfy5tfymsEyPr1zgrTzLqQyjqayipxxgoxxYmxxLkRyzjaAniACniEDnitEDi^qyeyqykzlzUzgAsAZBsAxEsALFHz_GWy_GDx_GxwjG6wEFHvNDHv%lBHvZzHvbzlwqy$wqyey^xzVmxzjojA1p6BLpxCLpvFLpvFTmvFSjvCSj3BSjiADkxzolxzVm" /><g i="35" c="422" charCode="86" p="#^EI9e%TK9e%rE$v%oC$v%$v9e%cy9e%iCIp$CHrqDAtSDBrzEDp" /><g i="36" c="423" charCode="122" p="%^IG$v$w$v$wDuiEcksxcksxDiwGDiwGckjzquIGqu" /><g i="37" c="424" charCode="65" p="%^HJ$vsHkqiAkq5y$v$v$v3D4ePE4eQL$v^PGsoKEWi#kEThVDlg#EDwh7DWi1Bso" /><g i="38" c="425" charCode="82" p="#^xAAo%xA$v%sy$v%sy9e%lD9eDG9ebIqfMJGgMJcjMJKmbG_n%1L$v%AI$v%fEAo^xAOm%nDOmzFOmBGWlDH2lDHijDHxhAGLgxFZfdDZf%xAZf" /></glyphs></font><font id="30" name="ArticulateBold Charset1_ 6Cnn5PgUSi8"><glyphs><g i="0" c="256" charCode="78" p="%^XH$vfBXicBXicB$vRx$vRxxe9CxePIBrSIBrSIxedMxedM$v" /><g i="1" c="257" charCode="101" p="#^PFioJFWm2F5moEgl6DglHBglYA6meAXm6Aio%PFio^6ABqbAtrvA4sQAHskB4tQBttsCFt5DRtMDRtZERt1Gtt6H5t3Iys%3Igv0HTvSF4wJEiwBDiwoCiwcBZv0AEv2zTu4y5uuxPsVwwrVwBpVweogx0nDxOlmySk6zVjeAmjmBPiUCPizEPiJFljUGSjDHSkmIRlHIin0JLo0JBq" /><g i="2" c="258" charCode="120" p="%^HF$vOCcrVz$vdw$vFAepGw6jDA6j9DjnDF6jbJ6jkFepHJ$v" /><g i="3" c="259" charCode="116" p="#^oF$vUE8weEdwBDiwXCiwYAiwUzcvQy5uQy3s%Qyzl%lwzl%lw6j%Qy6j%Qyxg%bCsf%bC6j%aF6j%aFzl%bCzl%bCBrbCHsBCbt0DHtPDHt8EHtxECtXExtiFmt%oF$v" /><g i="4" c="260" charCode="66" p="#^NGNqNGDp_FWocFcohDco%xBco%xBft%$CftQEftOFHsNG7sNGNq^fGrjfGgisFNhGEhhaDhh%xBhh%xBBl%WCBlCDBlcEvlOEolfF8lJFUk_FukfG3kfGrj^hKWqhKgsPJetmJcuwIPuHHqvxGJvnF$v$D$v%1y$v%1yxe%_Dxe7Fxe9GLecHYe$HtfOI_fgJSgLJKhLJ3jLJBkOIClRHCmgGWm%gGZm5H2nQHmnAIGn6JboFJHoZJnphK3qhKWq" /><g i="5" c="261" charCode="97" p="#^LD2qbC2q8Byq6A2r6Ads6AWsBAot4BRtcCRtNCRtjDFtSDtthE2tNEys1FSrhFarhF2q^AF$vxFBvuF9vsFJuqF4u%nF4ucFsuRERuuEdvYDyvqDTvNC4w9CiwsBiwzAiwKz1wVyMvhyhvFxOuhx5uVwntVwtsVw4ruxdq3ylp_ySoVzno4BdofC2orD2o%hF2ohFvmyEUlQDglqCglyBglxAzlxzRlpyGm%iyNjczojlA6jvBPiSCPiLFPi1H6kkIolkIaokIbpkIUpkIzqlI5rmIDrmI2snItsnIYspIEtqIhusIWuxI$v" /><g i="6" c="262" charCode="99" p="#^CGTvQF7w_Ecw8EiwgDiwLBiwAAQvpzlvAysuLxztkxjsVw2rVwtpVw2okxQmLxClxyKkkzRjtAkjDBPi6DPijEPi7FYiXF5joGej%4GUlFFIl6FzlAEqlQDqlYCqljCLlHB4mfBEmQAbnCAXnpAHopAwppAlqCA6rPASreBrsFB0tiCmtYCHtUDHtsEHtaFxtUFmtsG5t%CGTv" /><g i="7" c="263" charCode="107" p="%^wF$vcBLp9BLp9B$vOx$vOxed9Bed9BgocBgocF6j9J6jmESoMJ$v" /><g i="8" c="264" charCode="80" p="#^NF0kNFNi_E1ibEhhsChh%eBhh%eBDm%pCDmnDDm1EqmHEdm3FTlsFwlCF2lNFzkNF0k^rJRjrJ5l1J6mEI7nQHSn0HAoMF_owEnpPCnp%eBnp%eB$v%Kx$v%Kxxe%eCxexDxeQEMe8G_e8HAf9I9gOIbhrJdirJRj" /><g i="9" c="265" charCode="108" p="%^Ox$vOxed9Bed9B$v" /><g i="10" c="266" charCode="121" p="#^sERw6EOxJDEykDvzMC8AcCOAoBaBAAyBnzyBOyyBayrByxlB4xcB%ixJyVxXy2zXyFzXy3AJyuAwyKAay_ARx5BqxcB0xcBEw%hw6j%_z6j%4Dws%7Dws%eG6j%EJ6j" /><g i="11" c="267" charCode="47" p="%^7ziwxwiwDCeeeFee" /><g i="12" c="268" charCode="117" p="#^nG$v%nGfu%kGfuDF5vAEIvxDiw4CiwYAiw7AWvizyvMyTufybu_xftJxjsJxbr%Jx6j%4B6j%4BZp4BHq7BmraB1soBysDB3t3CntvCHtfDHt2EHtCEltaF_swFosTFNr1G_qcGbqcGjp%cG6j%zJ6j%zJ$v" /><g i="13" c="269" charCode="115" p="#^eG3seG7tPFWtpFIuGEevYDMvXC1wXBiwKAiwKziwJy7wIxYv1xLv%ex$s3yotQyDtCzRtxARtpBRt3CstKC3tKCgsKCEriCkrSB$qdBNqAAyqPzlq3z8qqyLpNxlplxGoVw_nVwPmVwMlkx$kLxektyLjbzgj5A2j$APiYBPiVCPiQDYiME5jCFhj%oFPlzEwlTDolcDglpCglmBglTAHlpA5mpAHmpAbnRAunhBMnWB_nzCbojDro4EGoJE5pmFwpOFdqeGWqeG3s" /><g i="14" c="270" charCode="82" p="#^4Gzj4Gei7FMhbEhhvChh%eBhh%eB$l%sC$lhD$lYDUlDENl5FvlAFclQFKk4Ggk4Gzj^UG$v%KEqqzEZpnEFpbElpWD9pFDYohDSoVCLomCLo%eBLo%eB$v%Kx$v%Kxxe%FCxeeExeyFJeSGVeNHqfIIXfdJTgKJPhKJjjKJZjwJDkjJglTIPlrImmLHMm4Han8Gjn%8GmnSGtnhH$nIHwo0Ifp%NK$v" /><g i="15" c="271" charCode="112" p="#^UGwpUGHoJGXnzGbncGEmSF4mkFLlPEql6EqloDqlPCMlfC5mSBGmuBfnhB_n4BJo4Bwp4BaqdBVqnBErJBgs3CUsDCitcDHt4EHtVEHtrFit_FUsiGgsCGErLGVqUGaqUGwp^oKvpoKMsYIxuwHiwYEiwcEiwEDaw4D2wECPvcCAvRBfvuBWu7Bwu%4Bwu%4BfB%JxfB%Jx6j%WA6j%WAXk%ZAXkIBMjJCijLDPi_EPimGPinHijoINj3JGkKJzl3KOmoK0ooKvp" /><g i="16" c="272" charCode="72" p="%^xI$vxIloxBloxB$v1y$v1yxexBxexBBlxIBlxIxe1Mxe1M$v" /><g i="17" c="273" charCode="84" p="%^IEhhIE$vcB$vcBhhcwhhcwxeIJxeIJhh" /><g i="18" c="274" charCode="114" p="#^oFgmYE6mCE3mhE0mSD0mrC0mOBen9Bro9BEq%9B$v%Ox$v%Ox6j%NA6j%NA1m%QA1mVAuldBVkxBkk_BTjsCpj3D6jHDPimEPi3FPioFVi%oFgm" /><g i="19" c="275" charCode="110" p="#^cG$v%cG$ocGdo7Gzn2GUmOFqmyFYl6FHlGEql_Dql4DqlwCSlYBimEBYmkBBncBlo4B4p4BEp%4B$v%Jx$v%Jx6j%VA6j%VASk%YASkdBskBB5kZBKjtCsj_C9jDD_ihEPi7FPipHPiuIdkzJClzJZn%zJ$v" /><g i="20" c="276" charCode="105" p="%^Ox$vOx6j9B6j9B$v^OxMgOxzd9Bzd9BMg" /><g i="21" c="277" charCode="77" p="%^eO$veOBhbOBhuJ$v7G$vqBBhnBBhnB$v0y$v0yxeDDxeNHMrQHMr_LxeBRxeBR$v" /></glyphs></font><font id="40" name="Articulate Charset1_ 6YNdPR2eZqk"><glyphs><g i="0" c="256" charCode="8216" p="%^4AFkixFkqzxeFBxe" /><g i="1" c="257" charCode="78" p="%^FI$vLAEhIAEhIA$vcy$vcyxeCBxejJBsmJBsmJxeSLxeSL$v" /><g i="2" c="258" charCode="101" p="#^fGoofGKn3G6nTFtmtFZl4FtluE9lVDRk4DRk2CRkoBglLAHlnAhm$zSmRztnHz3oFzoo%fGoo^Fz8qFz5r_zTrkAEsVActuBMtfC4u0DouUDouuEou3FguFF8uaGXtIGKt6HxtxHjtNH6t%NHrv1HOv2G2w4FiwKDiweCiw0BTvPzsvXyCu4yLtCxss9x8r9xqp9xXnBxLm1yylQyIkDzSjJApjQBXiaDXiKEXiNFujRG0kvH_kaIXlsIgnLIBoLI8q" /><g i="3" c="259" charCode="120" p="%^mF$vcC$q2z$vfw$vSAjpIwejDzejpCNneFejSHejLDjpfI$v" /><g i="4" c="260" charCode="116" p="#^_EYvEE4w3EbwvDiwXCiw7CiwqB6wKAWvcAuvGz2vmzlu2zDt2zys%2z8l%aw8l%awej%2zej%2zhg%pBxf%pBej%NEej%NE8l%pB8l%pB3spBusvBVsCBjtSBFt6C_tuCbuSCourDougEou_EXt%_EYv" /><g i="5" c="261" charCode="8217" p="%^szFkixFkRyxeFBxe" /><g i="6" c="262" charCode="32" p="#" /><g i="7" c="263" charCode="98" p="#^EHypEHlnIG5mMFRk9ERkbDRktCglMBGlhBlmPA0nAAUnmALomADpmAwqBAnrQAdsiBUsMBztsC_t9Dou6EouVEouzF0udGEtGG_s8HjsoHrrEHzqEHyp^8Kop8KJqQJYrwJbtRI9ubI7v8HJv6GiwFEiwQDiw7D6wrCWvUBDvmBkvYAYuyAAuiAcu%fAcu%fA$v%$x$v%$xed%mAed%mA_k%pA_kYA5kYBwjZCXiEEXi1GXi3Huj6I0kNIVktJOlOJYm8K6o8Kop" /><g i="8" c="264" charCode="117" p="#^$G$v%$GZt%YGZtLGpunGPu$FdvtFzvYEVvgE5wADiwNCiwlAiwazTu$xrt$xPq%$xej%mAej%mAHpmAxqpA9rsANrAAhsIAMsVA7t6BttnBKtIB3uaCeuFCou9DouYEouXF0tWGErWG8p%WGej%hJej%hJ$v" /><g i="9" c="265" charCode="111" p="#^EHBpEHHomHQn5HZmBGjm5GEllFflBERkFDRkICRkZBfleBElJAjmcAZmWzQnFzHoFzBpFzrqUzjr7AasCASs6BytSBZtCCouFDouHEourFZtbGytGGSsaHaspHkrEHtqEHBp^8KDp8K0rFJesbJrtkIlutHfvhGNv5FiwFDiwbCiw$AMvPzdvXyju4yotCxas9xXq9xzp9xaoCxYm4yKlWySkNzZj_AsjbCXiFDXi8FXikGsjxHZjnISkdJKlGJZm8Kbo8KDp" /><g i="10" c="266" charCode="110" p="#^WG$v%WGopWGPnGGVmqG$lZFylBFal5F0lBERkcERkaDRksCflKBElfBmmNA3nzA1omA$omA7q%mA$v%$x$v%$xej%hAej%hAgl%kAglOAhkVBCj1DXisEXiYGXi6ImkhJMlhJoo%hJ$v" /><g i="11" c="267" charCode="97" p="#^AFWpeFWpOEVpmETp_DTp4DTphC0qvB9qVAsqkALq_zdrFzGrFzisFzLsSz8t3AwtnAPtIA5u7BfuzBou1Cou4DouMD3usEJtREdtfFJspF9sAFBrAF8r^RF$v%RFlu%NFluxFIuaF3vPEpvjEHvPDYvbD7wzCiwPBiwXAiw6A6whzWvCytvYx0vyxgu9xvt9xls9x5rLxhqmytpfz_o9AvocBjofC7o7D7o9E7oGE8ocF9oAFaoyFBntF0npFqm5FXlNErl9E8lxDRkqCRk9BRkbAhldzJlJy8m%By8kWyZjkzMjLzyjgAmjOA9jrB2j5CXiVCXimEXijFkjhGJjSGqkrH6lHH5mXH3nXHfo%XHftXHItXHquXH9v1I$v" /><g i="12" c="268" charCode="107" p="%^3G$vmAspmA$v$x$v$xedmAedmApouFejHIejMCUorJ$v" /><g i="13" c="269" charCode="115" p="#^TEksTEntuE7u5ETutDmvRCRv1C3wdBiwnAiwqziwCy9wOx0wWwBv%2xutAxPtoy6uczou$zou1BouIBXtnCttnCBsnCeseCZr5CHrOBrrvBar$AUqvACqMzgqfz0qJyJpbyqpNx0pnxCo6x4oRwxnRwPmRw0l2y_jfzXirBXi5CXiRC5jBDejgErj%4EvlODllsDel7D7lMC1lqCXk6CUkOBRkzBRkDARk_zfllzEllznmlzanXzEnyA5oGBBosCXo1DipDDEp1E4qsEvqFE2rTEBrTEks" /><g i="14" c="270" charCode="121" p="#^$CnxKC8ymCUy_BEzsBeAWAQAdAbBxzyByyyB7yyBGxvBdxsBVwlB%2xrzlxzzCxBzTxEz9yEzFyEz2zrzszezNzVy6ABylA9yAAJxLAgxQA3xUAQwYACwYAtwYAiwRA1wKANvGACv%awej%Lyej%aCOt%eCOt%KFej%6Iej" /><g i="15" c="271" charCode="104" p="#^WG$v%WGkpWGTnHGZmsG2mYFylyF8l3F$kAERkcERkaDRksCflKBElfBmmNA3nzA1omA$omA7q%mA$v%$x$v%$xed%mAed%mA3l%pA3lEAJk_AlkkBZjQBFjkClj_C8jFDXiuEXiYGXi6ImkhJMlhJoo%hJ$v" /><g i="16" c="272" charCode="99" p="#^pGMvLF4wZEbwcEiwsDiw3CiwSANvGzgvOynuWxttrxfsYw0rYwDpYweoox0nQxOlFyUkvz_jJAtjYBXivDXi9EXiVE4jFFdjjGrj%6GolLERkADRkDCRkSBel6BDlzAhm1AWmKzNnszEoszBpszlqFzcrTz2snAMsTAttGBXtuCouHDousEou1FbuDF_teGHt%pGMv" /><g i="17" c="273" charCode="114" p="#^8FclSE4luE1l6E_kRD_kUC_kdCslzBVl8BFmKAonyAjomAepmAaq%mA$v%$x$v%$xej%cAej%cAcl%gAclsANkOAnk8BYjzBEj_BkjvC8j1DXiCDXiZDXilE_iKE0j8F6j%8Fcl" /><g i="18" c="274" charCode="66" p="#^KG5rKGspBFLosE2okC2o%AA2o%AAYt%zCYtrDYtbEQtYEItwFnt4G2tpGvsKGYrKG5r^rG8jrGsibGZhXFuhuFbh1FTgqEKgQDAg9DAg%AAAg%AA$l%YB$lXC$lLDWlAEQlaFxlNFdl6GFkrG5krG8j^oJiroJqs1JitGIauSHNu3HnvMFHvuE$vEC$v%4y$v%4yxe%LCxepExeAFQeMG7fwHIfgIhgBI5hXIVhXIZiXINkXHKlXGHmkF5n%kF8ndHjniIrooJypoJir" /><g i="19" c="275" charCode="112" p="#^EHypEHlnIG5mNFRk8ERk6DRkoCilHBLleBrmNA7nzAZnmAPomADpmArqAAirPA8sfBQsIBwtqCYt8Dou6EouUEouxF1ubGGtEG0t6HmsnHurEHBqEHyp^8Kop8KOqOJ2stJitNIfu6Icv3HLv1GiwEEiw0Diw$BKv_AavpAfu%mAfu%mAfB%$xfB%$xej%fAej%fA1l%iA1lSAckZBAj4DXiAEXiYFXi$Gsj3IZjLIRkrJJlNJUm8K3o8Kop" /><g i="20" c="276" charCode="118" p="%^FD$vSA$vhwejSyejiCEtmCEtTFejeIej" /><g i="21" c="277" charCode="105" p="%^iy$viyejFAejFA$v^9yog9yKdPAKdPAog" /><g i="22" c="278" charCode="84" p="%^cEKgcE$vIB$vIBKghwKghwxeDJxeDJKg" /><g i="23" c="279" charCode="108" p="%^iy$viyedFAedFA$v" /><g i="24" c="280" charCode="80" p="#^yGNjyGXibGmiQFNhfFqhGE3hZDVghDKgBCKg%AAKg%AAPm%YCPmGEPmCF_lyG8lyGNj^cJKjcJblHIcmaIdnjHRnsGtolFLoeE0p$C0p%AA0p%AA$v%4y$v%4yxe%GCxe7ExekFQeyG7foHLffIngJInhcJmicJKj" /><g i="25" c="281" charCode="47" p="%^AxiwnviwnBeeADee" /><g i="26" c="282" charCode="100" p="#^WGDpWGLoHGUntG0n$FlmxFGlPEgl5ERk7DRkqBRkxA9mFztnFzzpFzrqSzjr4AasxASs_AytEBZtiCoucDouaEouTEXtBFut2GOsvG6sIGgrWGqqWGDp^1H$v%1Hcu%_GcuLGAulGYuYFkvpFDvSEWv9E6wsDiwDCiwbBiw8AJv6z7vry9uNxattxXr9xHq9xop9x3ovxUmSxJlyyRkezZjgAsjiBXiGCXilEXilFxjlG6kTG_k%WG_k%WGed%hJed%hJ$v" /><g i="27" c="283" charCode="82" p="#^uGjjuGZhuFmhvEKgSCKg%AAKg%AA2m%PC2mAD2mfETlXEIlqFmlVF$kbGvkuG_juGjj^HH$v%_EVpzEZo$DCosDfouCfo%AAfo%AA$v%4y$v%4yxe%pCxePDxe1FIegGTeaHpf5IXfCISg8JNh8Jhj8J9kQIRkwIwl0I$lwHumSGOmdG6nxFen%xFinbGwnzGZnXGqodH$o%yK$v" /><g i="28" c="284" charCode="46" p="%^4y$v4yctTActTA$v" /><g i="29" c="285" charCode="72" p="%^cJ$vcJ2oSA2oSA$vmy$vmyxeSAxeSARlcJRlcJxeILxeIL$v" /><g i="30" c="286" charCode="103" p="#^WGLpWGOoHGVntG0n$FlmyFGlREgl9ERkdDRkkCRkFBhl$AJlyAom6A3nTzVnFzLoFzzpFzwqVzlr9AasCANs4BotKBLtpC5ucD5u$D5uGEMtlFqtRFRslGgsDGtrWGGqWGLp^hJwvhJixKIsycIDzhHjAnG$AaFgBZDyBGCyBlByBgAiBbz2B6yGA%myuy_yMywzZy3AbzBAkz7BuzHBzzfCEzWCEzODEzxEmzgF5zOFyykG$xDGaxWGlwWGdv%WG1u%TG1udGVu7Fsv1E$vDC$v7B$v4Aqv2zRuoyXtKx0trxVr9xOq9xHp9xDotxrnNxemtyel9zekeABjkBXiTCXivDXi5E2jIE8jfFojPFEjfG3kIGuk3H8l%6H8l%6Hej%hJej%hJwv" /><g i="31" c="287" charCode="119" p="%^rM$vIJ$vpGilmGil7D$vpA$viwejTyejOBOtSBOt6FejTHej4LOt8LOteOejxQej" /><g i="32" c="288" charCode="79" p="#^uLdnuLambLZkVKMjeKMizJMhsI6hmHrgKFrggErgbD0h6CBhoBziHAwjkAKk_zXl_zdn_ztoiAIpCAXqiBWr_BUs4DvtbE5uKF5ukH5uqIttxJRscKSrUKTqbLFpuLqouLdn^8Ogn8OnpxN2rXMJsQLUtJK2v9JGvCHiwIFiwVDiwmCIvQA5vIzYtAyOsYx6rkxqpkxenkxjlUxGjsy0ixzPgDACfaCWeKDeeKFeeFHeedJVeNKzfTLLgZMXhyNCj8Ogl8Ogn" /><g i="33" c="289" charCode="89" p="%^CFHoCF$v6D$v6DHohwxeczxepEmmuJxepMxe" /><g i="34" c="290" charCode="106" p="#^FAJwFA5zQzjA$yyB$wyBAwyBbwwBOvvBBvsB%GvqzTvtz8wuzqwvzDwvz7xvzrxfzMx$yYxBy8ycydyIxiycxiyJw%iyej%FAej%FAJw^9yog%9yKd%PAKd%PAog" /><g i="35" c="291" charCode="109" p="#^XN$v%XNsoXNUnSNgnNNDmxN5mhNylQMcloMRkELRk6KRkcJ7mjIonjIDp%jI$v%YF$v%YFqoYFwmlFHlKERkFDRk7CRkdB7mkAonkAIp%kA$v%Zx$v%Zxej%aAej%aA4l%dA4lsAKkMAlk4BYjyBEj1CkjIC8jnDXihEXiOEXikF4jTFdjmGwjSGPjfHikFHMkVHpl8IVkxItkXI0ksJHj_JljCK8jeLXiULXi6NXiYNjjOOHjjPmkRP0l3QUliQMmiQLn%iQ$v" /><g i="36" c="292" charCode="77" p="%^SO$vSOUgPOUg1J$vAG$vOAUgLAUgLA$vfy$vfyxenCxeSH2teNxemRxemR$v" /></glyphs></font><font id="50" name="Arial Black Charset1_ 5d0FJ9NNfL3"><glyphs><g i="0" c="384" charCode="88" p="%^Cw6eIC6eTFCjXI6eZO6epJNmvP$vhJ$vLFfqdC$v2w$vdCGm" /></glyphs></font></bwFonts>