<?xml version="1.0" encoding="utf-8"?>
<manifest identifier="_6RCel3ZhUb2_course_id" version="1.0" xmlns="http://www.imsproject.org/xsd/imscp_rootv1p1p2" xmlns:adlcp="http://www.adlnet.org/xsd/adlcp_rootv1p2" xmlns:xsi="http://www.w3.org/2001/XMLSchema-instance" xsi:schemaLocation="http://www.imsproject.org/xsd/imscp_rootv1p1p2 imscp_rootv1p1p2.xsd http://www.imsglobal.org/xsd/imsmd_rootv1p2p1 imsmd_rootv1p2p1.xsd http://www.adlnet.org/xsd/adlcp_rootv1p2 adlcp_rootv1p2.xsd">
  <metadata>
    <schema>ADL SCORM</schema>
    <schemaversion>1.2</schemaversion>
    <lom xmlns="http://www.imsglobal.org/xsd/imsmd_rootv1p2p1" xmlns:xsi="http://www.w3.org/2001/XMLSchema-instance" xsi:schemaLocation="http://www.imsglobal.org/xsd/imsmd_rootv1p2p1 imsmd_rootv1p2p1.xsd">
      <general>
        <title>
          <langstring xml:lang="x-none">Revised</langstring>
        </title>
      </general>
      <lifecycle>
        <version>
          <langstring xml:lang="x-none">1</langstring>
        </version>
        <status>
          <source>
            <langstring xml:lang="x-none">LOMv1.0</langstring>
          </source>
          <value>
            <langstring xml:lang="x-none">Final</langstring>
          </value>
        </status>
      </lifecycle>
      <metametadata>
        <metadatascheme>ADL SCORM 1.2</metadatascheme>
      </metametadata>
      <educational>
        <typicallearningtime>
          <datetime>PT0H0M0S</datetime>
        </typicallearningtime>
      </educational>
      <rights>
        <cost>
          <source>
            <langstring xml:lang="x-none">LOMv1.0</langstring>
          </source>
          <value>
            <langstring xml:lang="x-none">yes</langstring>
          </value>
        </cost>
        <copyrightandotherrestrictions>
          <source>
            <langstring xml:lang="x-none">LOMv1.0</langstring>
          </source>
          <value>
            <langstring xml:lang="x-none">yes</langstring>
          </value>
        </copyrightandotherrestrictions>
      </rights>
    </lom>
  </metadata>
  <organizations default="Revised_ORG">
    <organization identifier="Revised_ORG">
      <title>Revised</title>
      <item identifier="Untitled1_SCO" isvisible="true" identifierref="__6RCel3ZhUb2_course_id_RES">
        <title>Revised</title>
      </item>
    </organization>
  </organizations>
  <resources>
    <resource identifier="__6RCel3ZhUb2_course_id_RES" type="webcontent" href="index_lms.html" adlcp:scormtype="sco">
      <file href="story_content/thumbnail.jpg" />
      <file href="story_content/5a2sT0mtw5u_80_DX522_DY522.swf" />
      <file href="mobile/5a2sT0mtw5u_80_DX522_DY522_CX391_CY76.png" />
      <file href="story_content/6NbuKNaEv6U_80_P_157_217_878_303_DX1430_DY1430.swf" />
      <file href="mobile/6NbuKNaEv6U_80_P_157_217_878_303_DX1430_DY1430_CX800_CY276.png" />
      <file href="story_content/5hcIZTdHqi0_80_DX130_DY130.jpg" />
      <file href="mobile/5hcIZTdHqi0_80_DX130_DY130_CX65_CY65.jpg" />
      <file href="story_content/6ZJFfhRXEUI_80_DX130_DY130.jpg" />
      <file href="mobile/6ZJFfhRXEUI_80_DX130_DY130_CX65_CY65.jpg" />
      <file href="story_content/6Mb5NFihq7O_80_DX130_DY130.jpg" />
      <file href="mobile/6Mb5NFihq7O_80_DX130_DY130_CX65_CY65.jpg" />
      <file href="story_content/5h4Ot33ApWz_80_DX130_DY130.jpg" />
      <file href="mobile/5h4Ot33ApWz_80_DX130_DY130_CX65_CY65.jpg" />
      <file href="story_content/6CA37XE2XBk_80_DX728_DY728.swf" />
      <file href="mobile/6CA37XE2XBk_80_DX728_DY728_CX364_CY336.png" />
      <file href="story_content/6OAJZJ8pz3N_80_DX162_DY162.jpg" />
      <file href="mobile/6OAJZJ8pz3N_80_DX162_DY162_CX111_CY97.jpg" />
      <file href="story_content/5qMdLfkQUZi_80_DX148_DY148.jpg" />
      <file href="mobile/5qMdLfkQUZi_80_DX148_DY148_CX102_CY102.jpg" />
      <file href="story_content/5lEXryXjOXi_80_DX146_DY146.jpg" />
      <file href="mobile/5lEXryXjOXi_80_DX146_DY146_CX109_CY100.jpg" />
      <file href="story_content/6SEyVw8cluJ_80_DX154_DY154.jpg" />
      <file href="mobile/6SEyVw8cluJ_80_DX154_DY154_CX115_CY100.jpg" />
      <file href="story_content/6QDbvwXo6rE_80_DX916_DY916.jpg" />
      <file href="mobile/6QDbvwXo6rE_80_DX916_DY916_CX148_CY58.jpg" />
      <file href="story_content/64ZjQwkO1yP_80_DX554_DY554.jpg" />
      <file href="mobile/64ZjQwkO1yP_80_DX554_DY554_CX99_CY99.jpg" />
      <file href="story_content/5hCreMKozcd_80_DX602_DY602.swf" />
      <file href="mobile/5hCreMKozcd_80_DX602_DY602_CX382_CY333.png" />
      <file href="mobile/5a2sT0mtw5u_80_DX522_DY522_CX390_CY76.png" />
      <file href="story_content/txt__default_6UwNgAhZQOU.swf" />
      <file href="story_content/txt__default_6XgWLlrNwQB.swf" />
      <file href="story_content/txt__default_5g2IPAJIlVl.swf" />
      <file href="story_content/txt__default_6la1zin4mWB.swf" />
      <file href="story_content/txt__default_6XdWlDFMRcX.swf" />
      <file href="story_content/txt__default_5mYL1CveEX7.swf" />
      <file href="story_content/6QJrNaMHOJ6_80_DX636_DY636.swf" />
      <file href="mobile/6QJrNaMHOJ6_80_DX636_DY636_CX373_CY324.png" />
      <file href="story_content/txt__default_6kSSJubDCzE.swf" />
      <file href="story_content/txt__default_667Z78osYCD.swf" />
      <file href="story_content/txt__default_6l1b51y3i9f.swf" />
      <file href="mobile/6QDbvwXo6rE_80_DX916_DY916_CX118_CY46.jpg" />
      <file href="mobile/6QDbvwXo6rE_80_DX916_DY916_CX687_CY267.jpg" />
      <file href="story_content/txt__default_6Gbd0BzUzVV.swf" />
      <file href="story_content/txt__default_6JztdW0hxx8.swf" />
      <file href="story_content/txt__default_6WdT7GPYKEK.swf" />
      <file href="story_content/699g6rWh9na_80_DX618_DY618.swf" />
      <file href="mobile/699g6rWh9na_80_DX618_DY618_CX353_CY325.png" />
      <file href="story_content/txt__default_6Pq4IsYwz4r.swf" />
      <file href="story_content/txt__default_66YUADIYrvi.swf" />
      <file href="story_content/txt__default_6LftJA6YJKE.swf" />
      <file href="story_content/txt__default_5irvJwE03hS.swf" />
      <file href="story_content/txt__default_64SWCl2y2zZ.swf" />
      <file href="story_content/txt__default_6Apq3bYsRO3.swf" />
      <file href="story_content/64ZjQwkO1yP_80_DX556_DY556.jpg" />
      <file href="mobile/64ZjQwkO1yP_80_DX556_DY556_CX417_CY417.jpg" />
      <file href="story_content/txt__default_6nSyOdfkLIa.swf" />
      <file href="story_content/txt__default_5sarTpheeFO.swf" />
      <file href="story_content/txt__default_6PbPwZpiHmv.swf" />
      <file href="story_content/txt__default_6pWE2Noh9tD.swf" />
      <file href="story_content/txt__default_6XIMqTxNCZO.swf" />
      <file href="story_content/txt__default_5euaCAG5Bcu.swf" />
      <file href="story_content/6ohNiZiWT2p_80_DX78_DY78.swf" />
      <file href="mobile/6ohNiZiWT2p_80_DX78_DY78_CX57_CY57.png" />
      <file href="story_content/6O4BJHJPVi3_80_DX222_DY222.swf" />
      <file href="mobile/6O4BJHJPVi3_80_DX222_DY222_CX111_CY32.png" />
      <file href="story_content/6RYuQLj2daX_80_DX80_DY80.swf" />
      <file href="mobile/6RYuQLj2daX_80_DX80_DY80_CX60_CY41.png" />
      <file href="story_content/5YV38lNWsLf_80_DX222_DY222.swf" />
      <file href="mobile/5YV38lNWsLf_80_DX222_DY222_CX111_CY32.png" />
      <file href="story_content/6IxMNLE1Mdz_80_DX88_DY88.swf" />
      <file href="mobile/6IxMNLE1Mdz_80_DX88_DY88_CX58_CY55.png" />
      <file href="story_content/5XTzl7VJhOO_80_DX280_DY280.swf" />
      <file href="mobile/5XTzl7VJhOO_80_DX280_DY280_CX140_CY33.png" />
      <file href="story_content/6WCQ0DczkOS_80_DX94_DY94.swf" />
      <file href="mobile/6WCQ0DczkOS_80_DX94_DY94_CX70_CY49.png" />
      <file href="story_content/63zf6vCRZhC_80_DX186_DY186.swf" />
      <file href="mobile/63zf6vCRZhC_80_DX186_DY186_CX93_CY32.png" />
      <file href="story_content/67wZxBjup7C_80_DX82_DY82.swf" />
      <file href="mobile/67wZxBjup7C_80_DX82_DY82_CX61_CY38.png" />
      <file href="story_content/5iyt4GJpKLU_80_DX338_DY338.swf" />
      <file href="mobile/5iyt4GJpKLU_80_DX338_DY338_CX169_CY32.png" />
      <file href="story_content/60hanYNonDB_80_DX88_DY88.swf" />
      <file href="mobile/60hanYNonDB_80_DX88_DY88_CX63_CY60.png" />
      <file href="story_content/5yOvO0H6txn_80_DX232_DY232.swf" />
      <file href="mobile/5yOvO0H6txn_80_DX232_DY232_CX116_CY32.png" />
      <file href="story_content/txt__default_6PekQwDnpo1.swf" />
      <file href="story_content/txt__default_5vQdRguEk1t.swf" />
      <file href="story_content/txt__default_5yIyziI3OXB.swf" />
      <file href="story_content/txt__default_6Rl2BBgEBII.swf" />
      <file href="story_content/txt__default_6lMm8xWN7I3.swf" />
      <file href="story_content/txt__default_6LXWqw2aUFw.swf" />
      <file href="story_content/txt__default_6pTvZcYSyTn.swf" />
      <file href="story_content/txt__default_6bvDrBzGzUO.swf" />
      <file href="story_content/txt__default_6i4G9fiQ6p7.swf" />
      <file href="story_content/txt__default_6OinQiWkLzb.swf" />
      <file href="story_content/txt__default_6aEk0P6QiCA.swf" />
      <file href="story_content/txt__default_6hujMYxMAhC.swf" />
      <file href="story_content/txt__default_5bY91B7AZQZ.swf" />
      <file href="story_content/txt__default_69v02O1HTPu.swf" />
      <file href="story_content/txt__default_5zazeCJiETY.swf" />
      <file href="story_content/txt__default_6BtYf2vY5xU.swf" />
      <file href="story_content/txt__default_5xGTb1QBdv2.swf" />
      <file href="story_content/txt__default_6nch6FkiDha.swf" />
      <file href="story_content/txt__default_5YOAnEiJJbG.swf" />
      <file href="story_content/txt__default_5mLJsWLi6iG.swf" />
      <file href="story_content/txt__default_6QQxqZpfPIg.swf" />
      <file href="story_content/txt__default_69EfQysW5IP.swf" />
      <file href="story_content/txt__default_5YpdhSxi7IS.swf" />
      <file href="story_content/txt__default_6r0Dn0nGVvd.swf" />
      <file href="story_content/txt__default_6L1WtmI17E4.swf" />
      <file href="story_content/txt__default_6eTJE9e7rjU.swf" />
      <file href="story_content/txt__default_5iwTsssKxIi.swf" />
      <file href="story_content/txt__default_6kDBIXEPJSg.swf" />
      <file href="story_content/txt__default_6TwOK3lB4lL.swf" />
      <file href="story_content/txt__default_5jSRn0XGf6c.swf" />
      <file href="story_content/txt__default_5n6vqzgqdpZ.swf" />
      <file href="story_content/txt__default_6kJSlluALLJ.swf" />
      <file href="story_content/txt__default_5WlcW7eWCoC.swf" />
      <file href="story_content/txt__default_5YKbkMlREpR.swf" />
      <file href="story_content/txt__default_5XNGqUBcpv1.swf" />
      <file href="story_content/txt__default_6RcvbEddxz9.swf" />
      <file href="story_content/txt__default_6BiTgf7niwv.swf" />
      <file href="story_content/txt__default_6QNupv2kwYw.swf" />
      <file href="story_content/txt__default_6B9IYjspoF7.swf" />
      <file href="story_content/txt__default_6XTeQQIpt2n.swf" />
      <file href="story_content/txt__default_6oy5BTqgUIU.swf" />
      <file href="story_content/txt__default_6EkVeU10BgA.swf" />
      <file href="story_content/txt__default_6jgB6j18zqI.swf" />
      <file href="story_content/txt__default_6EXEheNZv9k.swf" />
      <file href="story_content/txt__default_5xnHVggiCOt.swf" />
      <file href="story_content/txt__default_5u0uTR34abZ.swf" />
      <file href="story_content/txt__default_6ZLFQGDOqHx.swf" />
      <file href="story_content/txt__default_6VgA8haMOQv.swf" />
      <file href="story_content/txt__default_61IGFtHFOQu.swf" />
      <file href="story_content/txt__default_6cxnTtU1bqU.swf" />
      <file href="story_content/txt__default_6QWtdRw3nHm.swf" />
      <file href="story_content/txt__default_6ow3n0pztGg.swf" />
      <file href="story_content/txt__default_5uUnyTH3cBk.swf" />
      <file href="story_content/txt__default_62ZiNtQBE7e.swf" />
      <file href="story_content/txt__default_5fwZoyAWhIn.swf" />
      <file href="meta.xml" />
      <file href="story_content/FontFactory.swf" />
      <file href="story_content/fonts.swf" />
      <file href="story_content/frame.xml" />
      <file href="story_content/frame.json" />
      <file href="story_content/user.js" />
      <file href="mobile/txt__default_6UwNgAhZQOU.png" />
      <file href="mobile/txt__default_6XgWLlrNwQB.png" />
      <file href="mobile/txt__default_5g2IPAJIlVl.png" />
      <file href="mobile/txt__default_6la1zin4mWB.png" />
      <file href="mobile/txt__default_6XdWlDFMRcX.png" />
      <file href="mobile/txt__default_5mYL1CveEX7.png" />
      <file href="mobile/txt__default_6kSSJubDCzE.png" />
      <file href="mobile/txt__default_667Z78osYCD.png" />
      <file href="mobile/txt__default_6l1b51y3i9f.png" />
      <file href="mobile/txt__default_6Gbd0BzUzVV.png" />
      <file href="mobile/txt__default_6JztdW0hxx8.png" />
      <file href="mobile/txt__default_6WdT7GPYKEK.png" />
      <file href="mobile/txt__default_6Pq4IsYwz4r.png" />
      <file href="mobile/txt__default_66YUADIYrvi.png" />
      <file href="mobile/txt__default_6LftJA6YJKE.png" />
      <file href="mobile/txt__default_5irvJwE03hS.png" />
      <file href="mobile/txt__default_64SWCl2y2zZ.png" />
      <file href="mobile/txt__default_6Apq3bYsRO3.png" />
      <file href="mobile/txt__default_6nSyOdfkLIa.png" />
      <file href="mobile/txt__default_5sarTpheeFO.png" />
      <file href="mobile/txt__default_6PbPwZpiHmv.png" />
      <file href="mobile/txt__default_6pWE2Noh9tD.png" />
      <file href="mobile/txt__default_6XIMqTxNCZO.png" />
      <file href="mobile/txt__default_5euaCAG5Bcu.png" />
      <file href="mobile/txt__default_6PekQwDnpo1.png" />
      <file href="mobile/txt__default_5vQdRguEk1t.png" />
      <file href="mobile/txt__default_5yIyziI3OXB.png" />
      <file href="mobile/txt__default_6Rl2BBgEBII.png" />
      <file href="mobile/txt__default_6lMm8xWN7I3.png" />
      <file href="mobile/txt__default_6LXWqw2aUFw.png" />
      <file href="mobile/txt__default_6pTvZcYSyTn.png" />
      <file href="mobile/txt__default_6bvDrBzGzUO.png" />
      <file href="mobile/txt__default_6i4G9fiQ6p7.png" />
      <file href="mobile/txt__default_6OinQiWkLzb.png" />
      <file href="mobile/txt__default_6aEk0P6QiCA.png" />
      <file href="mobile/txt__default_6hujMYxMAhC.png" />
      <file href="mobile/txt__default_5bY91B7AZQZ.png" />
      <file href="mobile/txt__default_69v02O1HTPu.png" />
      <file href="mobile/txt__default_5zazeCJiETY.png" />
      <file href="mobile/txt__default_6BtYf2vY5xU.png" />
      <file href="mobile/txt__default_5xGTb1QBdv2.png" />
      <file href="mobile/txt__default_6nch6FkiDha.png" />
      <file href="mobile/txt__default_5YOAnEiJJbG.png" />
      <file href="mobile/txt__default_5mLJsWLi6iG.png" />
      <file href="mobile/txt__default_6QQxqZpfPIg.png" />
      <file href="mobile/txt__default_69EfQysW5IP.png" />
      <file href="mobile/txt__default_5YpdhSxi7IS.png" />
      <file href="mobile/txt__default_6r0Dn0nGVvd.png" />
      <file href="mobile/txt__default_6L1WtmI17E4.png" />
      <file href="mobile/txt__default_6eTJE9e7rjU.png" />
      <file href="mobile/txt__default_5iwTsssKxIi.png" />
      <file href="mobile/txt__default_6kDBIXEPJSg.png" />
      <file href="mobile/txt__default_6TwOK3lB4lL.png" />
      <file href="mobile/txt__default_5jSRn0XGf6c.png" />
      <file href="mobile/txt__default_5n6vqzgqdpZ.png" />
      <file href="mobile/txt__default_6kJSlluALLJ.png" />
      <file href="mobile/txt__default_5WlcW7eWCoC.png" />
      <file href="mobile/txt__default_5YKbkMlREpR.png" />
      <file href="mobile/txt__default_5XNGqUBcpv1.png" />
      <file href="mobile/txt__default_6RcvbEddxz9.png" />
      <file href="mobile/txt__default_6BiTgf7niwv.png" />
      <file href="mobile/txt__default_6QNupv2kwYw.png" />
      <file href="mobile/txt__default_6B9IYjspoF7.png" />
      <file href="mobile/txt__default_6XTeQQIpt2n.png" />
      <file href="mobile/txt__default_6oy5BTqgUIU.png" />
      <file href="mobile/txt__default_6EkVeU10BgA.png" />
      <file href="mobile/txt__default_6jgB6j18zqI.png" />
      <file href="mobile/txt__default_6EXEheNZv9k.png" />
      <file href="mobile/txt__default_5xnHVggiCOt.png" />
      <file href="mobile/txt__default_5u0uTR34abZ.png" />
      <file href="mobile/txt__default_6ZLFQGDOqHx.png" />
      <file href="mobile/txt__default_6VgA8haMOQv.png" />
      <file href="mobile/txt__default_61IGFtHFOQu.png" />
      <file href="mobile/txt__default_6cxnTtU1bqU.png" />
      <file href="mobile/txt__default_6QWtdRw3nHm.png" />
      <file href="mobile/txt__default_6ow3n0pztGg.png" />
      <file href="mobile/txt__default_5uUnyTH3cBk.png" />
      <file href="mobile/txt__default_62ZiNtQBE7e.png" />
      <file href="mobile/txt__default_5fwZoyAWhIn.png" />
      <file href="story.swf" />
      <file href="story_content/frame.swf" />
      <file href="story_content/slides/5fknOwFTcez.swf" />
      <file href="story_content/slides/6QD0ldOkT8u.swf" />
      <file href="story_content/slides/6Iseq18Z3Yg.swf" />
      <file href="story_content/slides/6nF79VLivof.swf" />
      <file href="story_content/slides/6i2XZhyEAhs.swf" />
      <file href="story_content/slides/5jR3wdXpWEp.swf" />
      <file href="story_content/slides/5YOLyhy9ZVG.swf" />
      <file href="story_content/slides/5eNb3RZp4jW.swf" />
      <file href="story_content/slides/6M3uV65eqna.swf" />
      <file href="story_content/slides/5pMe40BmGNq.swf" />
      <file href="story_content/slides/6gHBvf74POS.swf" />
      <file href="story_content/slides/6MZAUu5l4tS.swf" />
      <file href="story_content/slides/63Op2RTr0fR.swf" />
      <file href="story_content/slides/5i2xkdeXFyK.swf" />
      <file href="story_content/slides/5g0sAQHBrDh.swf" />
      <file href="story_content/slides/5b96gdvny1D.swf" />
      <file href="story_content/slides/60yMUQO8CN7.swf" />
      <file href="story_content/slides/6iblZmpkTvj.swf" />
      <file href="story_content/slides/5f4ER44bMfT.swf" />
      <file href="story_content/slides/6C73u7U28O4.swf" />
      <file href="story_content/slides/6jNHNT8XFk6.swf" />
      <file href="story_content/slides/5c7HvylkTGK.swf" />
      <file href="story_content/slides/6kenR8k8Ci4.swf" />
      <file href="story_content/slides/6cukdtbJXXT.swf" />
      <file href="story_content/slides/5ldL7DZa5v3.swf" />
      <file href="story_content/slides/6TjM4Ws1NRX.swf" />
      <file href="story_content/slides/625MB4EBVrw.swf" />
      <file href="story_content/slides/6pc8675BK9v.swf" />
      <file href="story_content/slides/6HCRPT7uno5.swf" />
      <file href="story_content/slides/5avMjGIIo8f.swf" />
      <file href="story_content/slides/6fBHExT1Jp0.swf" />
      <file href="story_content/data.swf" />
      <file href="html5/data/css/output.min.css" />
      <file href="html5/data/js/5avMjGIIo8f.js" />
      <file href="html5/data/js/5b96gdvny1D.js" />
      <file href="html5/data/js/5c7HvylkTGK.js" />
      <file href="html5/data/js/5eNb3RZp4jW.js" />
      <file href="html5/data/js/5f4ER44bMfT.js" />
      <file href="html5/data/js/5fknOwFTcez.js" />
      <file href="html5/data/js/5g0sAQHBrDh.js" />
      <file href="html5/data/js/5i2xkdeXFyK.js" />
      <file href="html5/data/js/5jR3wdXpWEp.js" />
      <file href="html5/data/js/5ldL7DZa5v3.js" />
      <file href="html5/data/js/5pMe40BmGNq.js" />
      <file href="html5/data/js/5YOLyhy9ZVG.js" />
      <file href="html5/data/js/60yMUQO8CN7.js" />
      <file href="html5/data/js/625MB4EBVrw.js" />
      <file href="html5/data/js/63Op2RTr0fR.js" />
      <file href="html5/data/js/6C73u7U28O4.js" />
      <file href="html5/data/js/6cukdtbJXXT.js" />
      <file href="html5/data/js/6fBHExT1Jp0.js" />
      <file href="html5/data/js/6gHBvf74POS.js" />
      <file href="html5/data/js/6HCRPT7uno5.js" />
      <file href="html5/data/js/6i2XZhyEAhs.js" />
      <file href="html5/data/js/6iblZmpkTvj.js" />
      <file href="html5/data/js/6Iseq18Z3Yg.js" />
      <file href="html5/data/js/6jNHNT8XFk6.js" />
      <file href="html5/data/js/6kenR8k8Ci4.js" />
      <file href="html5/data/js/6M3uV65eqna.js" />
      <file href="html5/data/js/6MZAUu5l4tS.js" />
      <file href="html5/data/js/6nF79VLivof.js" />
      <file href="html5/data/js/6pc8675BK9v.js" />
      <file href="html5/data/js/6QD0ldOkT8u.js" />
      <file href="html5/data/js/6TjM4Ws1NRX.js" />
      <file href="html5/data/js/data.js" />
      <file href="html5/data/js/frame.js" />
      <file href="html5/data/js/paths.js" />
      <file href="html5/lib/scripts/app.min.js" />
      <file href="html5/lib/stylesheets/main.min.css" />
      <file href="html5/lib/stylesheets/mobile-fonts/open-sans-bold.woff" />
      <file href="html5/lib/stylesheets/mobile-fonts/open-sans-light.woff" />
      <file href="html5/lib/stylesheets/mobile-fonts/open-sans-regular.woff" />
      <file href="story.html" />
      <file href="story_flash.html" />
      <file href="story_html5.html" />
      <file href="story_content/blank.html" />
      <file href="story_content/story.js" />
      <file href="index_lms.html" />
      <file href="index_lms_html5.html" />
      <file href="index_lms_flash.html" />
      <file href="lms/AICCComm.html" />
      <file href="lms/AICCFunctions.js" />
      <file href="lms/API.js" />
      <file href="lms/APIConstants.js" />
      <file href="lms/blank.html" />
      <file href="lms/browsersniff.js" />
      <file href="lms/Configuration.js" />
      <file href="lms/goodbye.html" />
      <file href="lms/lms.js" />
      <file href="lms/LMSAPI.js" />
      <file href="lms/NONEFunctions.js" />
      <file href="lms/SCORM2004Functions.js" />
      <file href="lms/SCORMFunctions.js" />
      <file href="lms/UtilityFunctions.js" />
    </resource>
  </resources>
</manifest>