<?xml version="1.0" encoding="utf-8"?>
<manifest identifier="_5guRRckfVjy_course_id" version="1.0" xmlns="http://www.imsproject.org/xsd/imscp_rootv1p1p2" xmlns:adlcp="http://www.adlnet.org/xsd/adlcp_rootv1p2" xmlns:xsi="http://www.w3.org/2001/XMLSchema-instance" xsi:schemaLocation="http://www.imsproject.org/xsd/imscp_rootv1p1p2 imscp_rootv1p1p2.xsd http://www.imsglobal.org/xsd/imsmd_rootv1p2p1 imsmd_rootv1p2p1.xsd http://www.adlnet.org/xsd/adlcp_rootv1p2 adlcp_rootv1p2.xsd">
	<metadata>
		<schema>ADL SCORM</schema>
		<schemaversion>1.2</schemaversion>
		<lom xmlns="http://www.imsglobal.org/xsd/imsmd_rootv1p2p1" xmlns:xsi="http://www.w3.org/2001/XMLSchema-instance" xsi:schemaLocation="http://www.imsglobal.org/xsd/imsmd_rootv1p2p1 imsmd_rootv1p2p1.xsd">
			<general>
				<title>
					<langstring xml:lang="x-none">Performance Review Discussion</langstring>
				</title>
				<description>
					<langstring xml:lang="x-none">Performance Review Discussion</langstring>
				</description>
				<keyword>
				  	<langstring xml:lang="x-none">Performance Appraisal ? Process &amp; Guidelines</langstring>
        			</keyword>
			</general>
			<lifecycle>
				<version>
					<langstring xml:lang="x-none">1</langstring>
				</version>
				<status>
					<source>
						<langstring xml:lang="x-none">LOMv1.0</langstring>
					</source>
					<value>
						<langstring xml:lang="x-none">Final</langstring>
					</value>
				</status>
			</lifecycle>
			<metametadata>
				<metadatascheme>ADL SCORM 1.2</metadatascheme>
			</metametadata>
			<educational>
				<typicallearningtime>
					<datetime>PT0H0M0S</datetime>
				</typicallearningtime>
			</educational>
			<rights>
				<cost>
					<source>
						<langstring xml:lang="x-none">LOMv1.0</langstring>
					</source>
					<value>
						<langstring xml:lang="x-none">yes</langstring>
					</value>
				</cost>
				<copyrightandotherrestrictions>
					<source>
						<langstring xml:lang="x-none">LOMv1.0</langstring>
					</source>
					<value>
						<langstring xml:lang="x-none">yes</langstring>
					</value>
				</copyrightandotherrestrictions>
			</rights>
		</lom>
	</metadata>
	<organizations default="Performance_Review_Discussion_ORG">
		<organization identifier="Performance_Review_Discussion_ORG">
			<title>Performance Review Discussion</title>
			<item identifier="Performance_Appraisal_?_Process_&amp;_Guidelines_SCO" isvisible="true" identifierref="__5guRRckfVjy_course_id_RES">
				<title>Performance Review Discussion</title>
				<adlcp:masteryscore>80</adlcp:masteryscore>
			</item>
		</organization>
	</organizations>
	<resources>
	    <resource identifier="__5guRRckfVjy_course_id_RES" type="webcontent" href="index_lms.html" adlcp:scormtype="sco">
		<file href="story_content/thumbnail.jpg"/>
<file href="story_content/video_6UnJisCdbrc_18_32_1024x652.mp4"/>
<file href="mobile/video_6UnJisCdbrc_18_32_1024x652.jpg"/>
<file href="story_content/664ASZx6KuC_DX164_DY164.swf"/>
<file href="mobile/664ASZx6KuC_DX164_DY164_CX82_CY78.png"/>
<file href="mobile/664ASZx6KuC_DX164_DY164_CX82_CY78.swf"/>
<file href="story_content/5u0C0AwE9Cw_DX54_DY54.swf"/>
<file href="mobile/5u0C0AwE9Cw_DX54_DY54_CX27_CY18.png"/>
<file href="mobile/5u0C0AwE9Cw_DX54_DY54_CX27_CY18.swf"/>
<file href="story_content/5kVgEHOYpMY_DX54_DY54.swf"/>
<file href="mobile/5kVgEHOYpMY_DX54_DY54_CX27_CY18.png"/>
<file href="mobile/5kVgEHOYpMY_DX54_DY54_CX27_CY18.swf"/>
<file href="story_content/6px6bR14j2T_DX54_DY54.swf"/>
<file href="mobile/6px6bR14j2T_DX54_DY54_CX27_CY18.png"/>
<file href="mobile/6px6bR14j2T_DX54_DY54_CX27_CY18.swf"/>
<file href="story_content/5XF6aUslxxP_DX154_DY154.swf"/>
<file href="mobile/5XF6aUslxxP_DX154_DY154_CX73_CY77.png"/>
<file href="mobile/5XF6aUslxxP_DX154_DY154_CX73_CY77.swf"/>
<file href="story_content/5tO3T4JABkx_DX52_DY52.swf"/>
<file href="mobile/5tO3T4JABkx_DX52_DY52_CX26_CY19.png"/>
<file href="mobile/5tO3T4JABkx_DX52_DY52_CX26_CY19.swf"/>
<file href="story_content/5f4qlvDer4R_DX52_DY52.swf"/>
<file href="mobile/5f4qlvDer4R_DX52_DY52_CX26_CY19.png"/>
<file href="mobile/5f4qlvDer4R_DX52_DY52_CX26_CY19.swf"/>
<file href="story_content/5XxvWXB40Lx_DX52_DY52.swf"/>
<file href="mobile/5XxvWXB40Lx_DX52_DY52_CX26_CY19.png"/>
<file href="mobile/5XxvWXB40Lx_DX52_DY52_CX26_CY19.swf"/>
<file href="story_content/6piURSj4N09_DX192_DY192.swf"/>
<file href="mobile/6piURSj4N09_DX192_DY192_CX96_CY93.png"/>
<file href="mobile/6piURSj4N09_DX192_DY192_CX96_CY93.swf"/>
<file href="story_content/63Cle4kJi8U_DX52_DY52.swf"/>
<file href="mobile/63Cle4kJi8U_DX52_DY52_CX22_CY26.png"/>
<file href="mobile/63Cle4kJi8U_DX52_DY52_CX22_CY26.swf"/>
<file href="story_content/6rEHukcgNcs_DX52_DY52.swf"/>
<file href="mobile/6rEHukcgNcs_DX52_DY52_CX22_CY26.png"/>
<file href="mobile/6rEHukcgNcs_DX52_DY52_CX22_CY26.swf"/>
<file href="story_content/6jGbm1oWm24_DX52_DY52.swf"/>
<file href="mobile/6jGbm1oWm24_DX52_DY52_CX22_CY26.png"/>
<file href="mobile/6jGbm1oWm24_DX52_DY52_CX22_CY26.swf"/>
<file href="story_content/5qjlQIx2jxf_DX56_DY56.swf"/>
<file href="mobile/5qjlQIx2jxf_DX56_DY56_CX19_CY28.png"/>
<file href="mobile/5qjlQIx2jxf_DX56_DY56_CX19_CY28.swf"/>
<file href="story_content/5jQXOXZJZyx_DX56_DY56.swf"/>
<file href="mobile/5jQXOXZJZyx_DX56_DY56_CX19_CY28.png"/>
<file href="mobile/5jQXOXZJZyx_DX56_DY56_CX19_CY28.swf"/>
<file href="story_content/6J8Fu7Ah15B_DX56_DY56.swf"/>
<file href="mobile/6J8Fu7Ah15B_DX56_DY56_CX19_CY28.png"/>
<file href="mobile/6J8Fu7Ah15B_DX56_DY56_CX19_CY28.swf"/>
<file href="story_content/644vtulJO11_DX64_DY64.swf"/>
<file href="mobile/644vtulJO11_DX64_DY64_CX32_CY30.png"/>
<file href="mobile/644vtulJO11_DX64_DY64_CX32_CY30.swf"/>
<file href="story_content/5gZXTUWHnxk_DX64_DY64.swf"/>
<file href="mobile/5gZXTUWHnxk_DX64_DY64_CX32_CY30.png"/>
<file href="mobile/5gZXTUWHnxk_DX64_DY64_CX32_CY30.swf"/>
<file href="story_content/5wIORpQURlg_B40_DX64_DY64.swf"/>
<file href="mobile/5wIORpQURlg_B40_DX64_DY64_CX32_CY30.png"/>
<file href="mobile/5wIORpQURlg_B40_DX64_DY64_CX32_CY30.swf"/>
<file href="story_content/5gbsrCz8Qtl_DX2048_DY2048.jpg"/>
<file href="mobile/5gbsrCz8Qtl_DX2048_DY2048_CX1024_CY652.jpg"/>
<file href="story_content/5jnQX6m1tnD_DX152_DY152.swf"/>
<file href="mobile/5jnQX6m1tnD_DX152_DY152_CX74_CY76.png"/>
<file href="mobile/5jnQX6m1tnD_DX152_DY152_CX74_CY76.swf"/>
<file href="story_content/6pAfxmQmIEF_DX42_DY42.swf"/>
<file href="mobile/6pAfxmQmIEF_DX42_DY42_CX23_CY20.png"/>
<file href="mobile/6pAfxmQmIEF_DX42_DY42_CX23_CY20.swf"/>
<file href="story_content/5Z34fC9HZ3G_DX462_DY462.swf"/>
<file href="mobile/5Z34fC9HZ3G_DX462_DY462_CX231_CY62.png"/>
<file href="mobile/5Z34fC9HZ3G_DX462_DY462_CX231_CY62.swf"/>
<file href="story_content/5pkrON3CKhG_DX190_DY190.swf"/>
<file href="mobile/5pkrON3CKhG_DX190_DY190_CX95_CY83.png"/>
<file href="mobile/5pkrON3CKhG_DX190_DY190_CX95_CY83.swf"/>
<file href="story_content/6SCQyJ2gI6M_DX76_DY76.swf"/>
<file href="mobile/6SCQyJ2gI6M_DX76_DY76_CX38_CY36.png"/>
<file href="mobile/6SCQyJ2gI6M_DX76_DY76_CX38_CY36.swf"/>
<file href="story_content/5mELEhxhx10_DX2048_DY2048.jpg"/>
<file href="mobile/5mELEhxhx10_DX2048_DY2048_CX1024_CY652.jpg"/>
<file href="story_content/txt__default_6BUS7ZCbLl2.swf"/>
<file href="story_content/txt__default_6FlPdnOKV5G.swf"/>
<file href="story_content/txt__default_6gyw1Znv8DX.swf"/>
<file href="story_content/txt__default_5j1y1zRfcNC.swf"/>
<file href="story_content/txt__default_6WbX7SDp19n.swf"/>
<file href="story_content/txt__default_6f0eZtvqW32.swf"/>
<file href="story_content/6IYHJfo3Mcz_DX52_DY52.swf"/>
<file href="mobile/6IYHJfo3Mcz_DX52_DY52_CX26_CY19.png"/>
<file href="mobile/6IYHJfo3Mcz_DX52_DY52_CX26_CY19.swf"/>
<file href="story_content/6IFCDAPNtvp_DX52_DY52.swf"/>
<file href="mobile/6IFCDAPNtvp_DX52_DY52_CX26_CY19.png"/>
<file href="mobile/6IFCDAPNtvp_DX52_DY52_CX26_CY19.swf"/>
<file href="story_content/6ej5KFgpfMT_DX2048_DY2048.swf"/>
<file href="mobile/6ej5KFgpfMT_DX2048_DY2048_CX1024_CY147.png"/>
<file href="mobile/6ej5KFgpfMT_DX2048_DY2048_CX1024_CY147.swf"/>
<file href="story_content/5snFJyoTFyC_DX2048_DY2048.swf"/>
<file href="mobile/5snFJyoTFyC_DX2048_DY2048_CX1024_CY147.png"/>
<file href="mobile/5snFJyoTFyC_DX2048_DY2048_CX1024_CY147.swf"/>
<file href="story_content/6SVphGRJuEm_DX2048_DY2048.swf"/>
<file href="mobile/6SVphGRJuEm_DX2048_DY2048_CX1024_CY572.png"/>
<file href="mobile/6SVphGRJuEm_DX2048_DY2048_CX1024_CY572.swf"/>
<file href="story_content/5vL57vFs12A_DX1780_DY1780.swf"/>
<file href="mobile/5vL57vFs12A_DX1780_DY1780_CX890_CY383.png"/>
<file href="mobile/5vL57vFs12A_DX1780_DY1780_CX890_CY383.swf"/>
<file href="story_content/6dZTEBYgqIL_DX1780_DY1780.swf"/>
<file href="mobile/6dZTEBYgqIL_DX1780_DY1780_CX890_CY383.png"/>
<file href="mobile/6dZTEBYgqIL_DX1780_DY1780_CX890_CY383.swf"/>
<file href="story_content/video_6HFAeVhHnQ4_18_32.swf"/>
<file href="story_content/6aRibuRFOI8_DX1636_DY1636.jpg"/>
<file href="mobile/6aRibuRFOI8_DX1636_DY1636_CX818_CY498.jpg"/>
<file href="story_content/6kVQEWJLwul_P_620_448_131_29_DX1564_DY1564.swf"/>
<file href="mobile/6kVQEWJLwul_P_620_448_131_29_DX1564_DY1564_CX132_CY30.png"/>
<file href="mobile/6kVQEWJLwul_P_620_448_131_29_DX1564_DY1564_CX132_CY30.swf"/>
<file href="story_content/6K83Cl1Jiei_22050_32_0.mp3"/>
<file href="story_content/6EI9WYVPqhT_DX990_DY990.swf"/>
<file href="mobile/6EI9WYVPqhT_DX990_DY990_CX495_CY362.png"/>
<file href="mobile/6EI9WYVPqhT_DX990_DY990_CX495_CY362.swf"/>
<file href="story_content/5ub1eWsvYSF_22050_32_0.mp3"/>
<file href="meta.xml"/>
<file href="story_content/FontFactory.swf"/>
<file href="story_content/fonts.swf"/>
<file href="story_content/fonts.xml"/>
<file href="story_content/frame.xml"/>
<file href="story_content/frame.json"/>
<file href="story_content/user.js"/>
<file href="mobile/txt__default_6BUS7ZCbLl2.png"/>
<file href="mobile/txt__default_6FlPdnOKV5G.png"/>
<file href="mobile/txt__default_6gyw1Znv8DX.png"/>
<file href="mobile/txt__default_5j1y1zRfcNC.png"/>
<file href="mobile/txt__default_6WbX7SDp19n.png"/>
<file href="mobile/txt__default_6f0eZtvqW32.png"/>
<file href="story.swf"/>
<file href="story_content/frame.swf"/>
<file href="story_content/slides/6aF6L3tIJeh.swf"/>
<file href="mobile/slides/6aF6L3tIJeh.gz"/>
<file href="story_content/slides/5oxoXshLOOh.swf"/>
<file href="mobile/slides/5oxoXshLOOh.gz"/>
<file href="story_content/slides/6JnOHxLpiYf.swf"/>
<file href="mobile/slides/6JnOHxLpiYf.gz"/>
<file href="story_content/slides/6OP6eo4i3rv.swf"/>
<file href="mobile/slides/6OP6eo4i3rv.gz"/>
<file href="story_content/slides/5WfUyI41npf.swf"/>
<file href="mobile/slides/5WfUyI41npf.gz"/>
<file href="story_content/slides/6h2XlB4Jfpp.swf"/>
<file href="mobile/slides/6h2XlB4Jfpp.gz"/>
<file href="story_content/data.swf"/>
<file href="mobile/data.gz"/>
<file href="html5/data/css/output.min.css"/>
<file href="html5/data/js/5oxoXshLOOh.js"/>
<file href="html5/data/js/5WfUyI41npf.js"/>
<file href="html5/data/js/6aF6L3tIJeh.js"/>
<file href="html5/data/js/6h2XlB4Jfpp.js"/>
<file href="html5/data/js/6JnOHxLpiYf.js"/>
<file href="html5/data/js/6OP6eo4i3rv.js"/>
<file href="html5/data/js/data.js"/>
<file href="html5/data/js/frame.js"/>
<file href="html5/data/js/paths.js"/>
<file href="html5/lib/scripts/app.min.js"/>
<file href="html5/lib/stylesheets/main.min.css"/>
<file href="html5/lib/stylesheets/mobile-fonts/open-sans-bold.woff"/>
<file href="html5/lib/stylesheets/mobile-fonts/open-sans-light.woff"/>
<file href="html5/lib/stylesheets/mobile-fonts/open-sans-regular.woff"/>
<file href="story.html"/>
<file href="story_flash.html"/>
<file href="story_html5.html"/>
<file href="story_content/blank.html"/>
<file href="story_content/story.js"/>
<file href="amplaunch.html"/>
<file href="mobile/mobileinstall.html"/>
<file href="index_lms.html"/>
<file href="index_lms_html5.html"/>
<file href="index_lms_flash.html"/>
<file href="lms/AICCComm.html"/>
<file href="lms/AICCFunctions.js"/>
<file href="lms/API.js"/>
<file href="lms/APIConstants.js"/>
<file href="lms/blank.html"/>
<file href="lms/browsersniff.js"/>
<file href="lms/Configuration.js"/>
<file href="lms/goodbye.html"/>
<file href="lms/lms.js"/>
<file href="lms/LMSAPI.js"/>
<file href="lms/NONEFunctions.js"/>
<file href="lms/SCORM2004Functions.js"/>
<file href="lms/SCORMFunctions.js"/>
<file href="lms/UtilityFunctions.js"/>
	    </resource>
	</resources>
</manifest>
