﻿<?xml version="1.0" encoding="utf-8"?><meta xmlns:xsi="http://www.w3.org/2001/XMLSchema-instance" xmlns:xsd="http://www.w3.org/2001/XMLSchema"><project id="6Gv70JMbg6G" courseid="5guRRckfVjy_course_id" thumburl="story_content/thumbnail.jpg" title="Performance Review Discussion" datepublished="2018-06-15T13:27:44" version="1.0.0.0" flashdata="story_content/data.swf" html5data="mobile/data.json" mobiledata="mobile/data.gz" enabledownload="true" duration="About 5 minutes" totalaudio="16652" totalvideo="303432"><description>Performance Review Discussion</description><keywords>Performance Appraisal – Process &amp; Guidelines</keywords><slidemeta moniker="slide" monikerplural="slides" viewslides="6" slidecountdescription="6 slides" /><author name="Vanashree Naik" email="naik.vanashree@gmail.com" website="" /><application name="Articulate Storyline" version="3.1.12115.0" xmlversion="4.0" /></project></meta>